JobId,FinalStatus,SubmittedTo,ScheduledOn,SubmissionTime,SchedulingTime,StartTime,EndTime,DecisionTime,WaitingTime,ExecutionTime,Bids,FailureCause
1,"COMPLETED","Perlmutter-Phase-1","Aurora",2.733,2.73308,2.73308,3.46385,7.81043e-05,0,0.730769,,"None"
2,"COMPLETED","Perlmutter-Phase-1","Frontier",3.142,3.14208,3.14208,5.18022,7.81043e-05,0,2.03814,,"None"
3,"COMPLETED","Frontier","Aurora",3.472,3.47208,3.47208,3.89516,7.81043e-05,0,0.423077,,"None"
4,"COMPLETED","Perlmutter-Phase-1","Crux",3.666,3.66608,3.66608,4.02608,7.81043e-05,0,0.36,,"None"
5,"COMPLETED","Frontier","Aurora",3.76,3.76008,3.76008,5.04373,7.81043e-05,0,1.28365,,"None"
6,"COMPLETED","Aurora","Perlmutter-Phase-2",3.799,3.79908,3.79908,5.05908,7.81043e-05,0,1.26,,"None"
7,"COMPLETED","Perlmutter-Phase-2","Perlmutter-Phase-2",3.835,3.83508,3.83508,13.3351,7.81043e-05,0,9.5,,"None"
8,"COMPLETED","Aurora","Perlmutter-Phase-1",4.196,4.19608,4.19608,6.07608,7.81043e-05,0,1.88,,"None"
9,"COMPLETED","Frontier","Frontier",4.411,4.41108,4.41108,5.03682,7.81043e-05,0,0.625745,,"None"
10,"COMPLETED","Perlmutter-Phase-2","Frontier",4.708,4.70808,4.70808,5.602,7.81043e-05,0,0.893921,,"None"
11,"COMPLETED","Perlmutter-Phase-1","Frontier",4.741,4.74108,4.74108,6.20711,7.81043e-05,0,1.46603,,"None"
12,"COMPLETED","Perlmutter-Phase-1","Perlmutter-Phase-1",4.747,4.74708,4.74708,7.22708,7.81043e-05,0,2.48,,"None"
13,"COMPLETED","Aurora","Perlmutter-Phase-1",4.986,4.98608,4.98608,8.70608,7.81043e-05,0,3.72,,"None"
14,"COMPLETED","Frontier","Perlmutter-Phase-1",5.028,5.02808,5.02808,7.00808,7.81043e-05,0,1.98,,"None"
15,"COMPLETED","Perlmutter-Phase-2","Frontier",5.091,5.09108,5.09108,6.4856,7.81043e-05,0,1.39452,,"None"
16,"COMPLETED","Aurora","Perlmutter-Phase-1",5.251,5.25108,5.25108,10.6911,7.81043e-05,0,5.44,,"None"
17,"COMPLETED","Frontier","Aurora",5.269,5.26908,5.26908,5.61042,7.81043e-05,0,0.341346,,"None"
18,"COMPLETED","Andes","Perlmutter-Phase-2",5.301,5.30108,5.30108,18.5211,7.81043e-05,0,13.22,,"None"
19,"COMPLETED","Andes","Perlmutter-Phase-2",5.349,5.34908,5.34908,7.90908,7.81043e-05,0,2.56,,"None"
20,"COMPLETED","Aurora","Aurora",5.36,5.36008,5.36008,6.94181,7.81043e-05,0,1.58173,,"None"
21,"COMPLETED","Perlmutter-Phase-1","Crux",5.423,5.42308,5.42308,5.86308,7.81043e-05,0,0.44,,"None"
22,"COMPLETED","Perlmutter-Phase-1","Aurora",5.676,5.67608,5.67608,5.98858,7.81043e-05,0,0.3125,,"None"
23,"COMPLETED","Andes","Perlmutter-Phase-2",5.719,5.71908,5.71908,7.99908,7.81043e-05,0,2.28,,"None"
24,"COMPLETED","Aurora","Perlmutter-Phase-1",5.969,5.96908,5.96908,8.56908,7.81043e-05,0,2.6,,"None"
25,"COMPLETED","Perlmutter-Phase-2","Crux",5.973,5.97308,5.97308,7.67308,7.81043e-05,0,1.7,,"None"
26,"COMPLETED","Andes","Perlmutter-Phase-2",5.993,5.99308,5.99308,140.253,7.81043e-05,0,134.26,,"None"
27,"COMPLETED","Perlmutter-Phase-2","Frontier",6.022,6.02208,6.02208,9.6514,7.81043e-05,0,3.62932,,"None"
28,"COMPLETED","Perlmutter-Phase-2","Frontier",6.117,6.11708,6.11708,7.52947,7.81043e-05,0,1.4124,,"None"
29,"COMPLETED","Perlmutter-Phase-1","Aurora",6.146,6.14608,6.14608,6.50666,7.81043e-05,0,0.360577,,"None"
30,"COMPLETED","Frontier","Aurora",6.171,6.17108,6.17108,6.49319,7.81043e-05,0,0.322115,,"None"
31,"COMPLETED","Frontier","Frontier",6.212,6.21208,6.21208,6.99873,7.81043e-05,0,0.786651,,"None"
32,"COMPLETED","Andes","Frontier",6.216,6.21608,6.21608,8.87996,7.81043e-05,0,2.66389,,"None"
33,"COMPLETED","Perlmutter-Phase-1","Aurora",6.493,6.49308,6.49308,7.07481,7.81043e-05,0,0.581731,,"None"
34,"COMPLETED","Frontier","Aurora",6.527,6.52708,6.52708,6.93573,7.81043e-05,0,0.408654,,"None"
35,"COMPLETED","Perlmutter-Phase-1","Aurora",6.591,6.59108,6.59108,6.93723,7.81043e-05,0,0.346154,,"None"
36,"COMPLETED","Perlmutter-Phase-2","Frontier",6.595,6.59508,6.59508,8.88352,7.81043e-05,0,2.28844,,"None"
37,"COMPLETED","Perlmutter-Phase-2","Perlmutter-Phase-2",6.642,6.64208,6.64208,7.86208,7.81043e-05,0,1.22,,"None"
38,"COMPLETED","Frontier","Frontier",6.674,6.67408,6.67408,8.56919,7.81043e-05,0,1.89511,,"None"
39,"COMPLETED","Perlmutter-Phase-2","Crux",6.694,6.69408,6.69408,10.1741,7.81043e-05,0,3.48,,"None"
40,"COMPLETED","Crux","Crux",6.709,6.70908,6.70908,7.64908,7.81043e-05,0,0.94,,"None"
41,"COMPLETED","Perlmutter-Phase-1","Perlmutter-Phase-2",6.712,6.71208,6.71208,16.9521,7.81043e-05,0,10.24,,"None"
42,"COMPLETED","Frontier","Aurora",6.791,6.79108,6.79108,7.44973,7.81043e-05,0,0.658654,,"None"
43,"COMPLETED","Frontier","Aurora",6.865,6.86508,6.86508,7.49008,7.81043e-05,0,0.625,,"None"
44,"COMPLETED","Perlmutter-Phase-1","Aurora",6.888,6.88808,6.88808,8.65731,7.81043e-05,0,1.76923,,"None"
45,"COMPLETED","Perlmutter-Phase-2","Perlmutter-Phase-2",6.897,6.89708,6.89708,17.7771,7.81043e-05,0,10.88,,"None"
46,"COMPLETED","Perlmutter-Phase-1","Frontier",7.037,7.03708,7.03708,14.6354,7.81043e-05,0,7.59833,,"None"
47,"COMPLETED","Aurora","Aurora",7.071,7.07108,7.07108,8.97973,7.81043e-05,0,1.90865,,"None"
48,"COMPLETED","Aurora","Perlmutter-Phase-1",7.078,7.07808,7.07808,15.2381,7.81043e-05,0,8.16,,"None"
49,"COMPLETED","Perlmutter-Phase-2","Perlmutter-Phase-2",7.093,7.09308,7.09308,11.4931,7.81043e-05,0,4.4,,"None"
50,"COMPLETED","Aurora","Aurora",7.098,7.09808,7.09808,7.40577,7.81043e-05,0,0.307692,,"None"
51,"COMPLETED","Aurora","Aurora",7.102,7.10208,7.10208,7.41458,7.81043e-05,0,0.3125,,"None"
52,"COMPLETED","Aurora","Frontier",7.125,7.12508,7.12508,7.7687,7.81043e-05,0,0.643623,,"None"
53,"COMPLETED","Andes","Frontier",7.132,7.13208,7.13208,10.4575,7.81043e-05,0,3.32539,,"None"
54,"COMPLETED","Perlmutter-Phase-2","Frontier",7.217,7.21708,7.21708,8.05736,7.81043e-05,0,0.840286,,"None"
55,"COMPLETED","Perlmutter-Phase-2","Crux",7.245,7.24508,7.24508,7.86508,7.81043e-05,0,0.62,,"None"
56,"COMPLETED","Perlmutter-Phase-1","Aurora",7.253,7.25308,7.25308,7.84442,7.81043e-05,0,0.591346,,"None"
57,"COMPLETED","Aurora","Perlmutter-Phase-2",7.26,7.26008,7.26008,19.3601,7.81043e-05,0,12.1,,"None"
58,"COMPLETED","Aurora","Aurora",7.349,7.34908,7.34908,8.74331,7.81043e-05,0,1.39423,,"None"
59,"COMPLETED","Aurora","Frontier",7.467,7.46708,7.46708,9.95218,7.81043e-05,0,2.4851,,"None"
60,"COMPLETED","Perlmutter-Phase-1","Frontier",7.471,7.47108,7.47108,10.6534,7.81043e-05,0,3.18236,,"None"
61,"COMPLETED","Aurora","Aurora",7.5,7.50008,7.50008,9.64431,7.81043e-05,0,2.14423,,"None"
62,"COMPLETED","Perlmutter-Phase-1","Aurora",7.572,7.57208,7.57208,8.20669,7.81043e-05,0,0.634615,,"None"
63,"COMPLETED","Frontier","Aurora",7.662,7.66208,7.66208,8.17169,7.81043e-05,0,0.509615,,"None"
64,"COMPLETED","Perlmutter-Phase-2","Frontier",7.674,7.67408,7.67408,10.2664,7.81043e-05,0,2.59237,,"None"
65,"COMPLETED","Frontier","Aurora",7.814,7.81408,7.81408,8.10735,7.81043e-05,0,0.293269,,"None"
66,"COMPLETED","Perlmutter-Phase-2","Frontier",7.84,7.84008,7.84008,8.69824,7.81043e-05,0,0.858164,,"None"
67,"COMPLETED","Frontier","Aurora",7.85,7.85008,7.85008,8.2395,7.81043e-05,0,0.389423,,"None"
68,"COMPLETED","Aurora","Aurora",7.857,7.85708,7.85708,10.8619,7.81043e-05,0,3.00481,,"None"
69,"COMPLETED","Aurora","Aurora",7.9,7.90008,7.90008,8.94816,7.81043e-05,0,1.04808,,"None"
70,"COMPLETED","Perlmutter-Phase-1","Perlmutter-Phase-1",7.906,7.90608,7.90608,10.8661,7.81043e-05,0,2.96,,"None"
71,"COMPLETED","Perlmutter-Phase-1","Perlmutter-Phase-1",7.938,7.93808,7.93808,140.018,7.81043e-05,0,132.08,,"None"
72,"COMPLETED","Crux","Frontier",7.993,7.99308,7.99308,9.06578,7.81043e-05,0,1.07271,,"None"
73,"COMPLETED","Crux","Frontier",8.011,8.01108,8.01108,8.60107,7.81043e-05,0,0.589988,,"None"
74,"COMPLETED","Frontier","Perlmutter-Phase-1",8.042,8.04208,8.04208,13.5021,7.81043e-05,0,5.46,,"None"
75,"COMPLETED","Perlmutter-Phase-1","Frontier",8.077,8.07708,8.07708,22.201,7.81043e-05,0,14.124,,"None"
76,"COMPLETED","Perlmutter-Phase-1","Perlmutter-Phase-2",8.134,8.13408,8.13408,19.5941,7.81043e-05,0,11.46,,"None"
77,"COMPLETED","Aurora","Perlmutter-Phase-1",8.14,8.14008,8.14008,9.86008,7.81043e-05,0,1.72,,"None"
78,"COMPLETED","Andes","Crux",8.164,8.16408,8.16408,15.0441,7.81043e-05,0,6.88,,"None"
79,"COMPLETED","Perlmutter-Phase-2","Frontier",8.177,8.17708,8.17708,24.518,7.81043e-05,0,16.3409,,"None"
80,"COMPLETED","Frontier","Aurora",8.2,8.20008,8.20008,8.71931,7.81043e-05,0,0.519231,,"None"
81,"COMPLETED","Frontier","Aurora",8.232,8.23208,8.23208,16.3042,7.81043e-05,0,8.07212,,"None"
82,"COMPLETED","Perlmutter-Phase-2","Frontier",8.254,8.25408,8.25408,9.8095,7.81043e-05,0,1.55542,,"None"
83,"COMPLETED","Aurora","Aurora",8.258,8.25808,8.25808,8.61866,7.81043e-05,0,0.360577,,"None"
84,"COMPLETED","Perlmutter-Phase-1","Crux",8.266,8.26608,8.26608,9.10608,7.81043e-05,0,0.84,,"None"
85,"COMPLETED","Frontier","Perlmutter-Phase-1",8.287,8.28708,8.28708,9.60708,7.81043e-05,0,1.32,,"None"
86,"COMPLETED","Frontier","Aurora",8.294,8.29408,8.29408,9.84696,7.81043e-05,0,1.55288,,"None"
87,"COMPLETED","Frontier","Aurora",8.312,8.31208,8.31208,19.5669,7.81043e-05,0,11.2548,,"None"
88,"COMPLETED","Frontier","Crux",8.314,8.31408,8.31408,10.6541,7.81043e-05,0,2.34,,"None"
89,"COMPLETED","Perlmutter-Phase-1","Aurora",8.322,8.32208,8.32208,9.92785,7.81043e-05,0,1.60577,,"None"
90,"COMPLETED","Frontier","Aurora",8.378,8.37808,8.37808,11.3348,7.81043e-05,0,2.95673,,"None"
91,"COMPLETED","Aurora","Perlmutter-Phase-1",8.388,8.38808,8.38808,11.1881,7.81043e-05,0,2.8,,"None"
92,"COMPLETED","Perlmutter-Phase-1","Perlmutter-Phase-1",8.393,8.39308,8.39308,129.473,7.81043e-05,0,121.08,,"None"
93,"COMPLETED","Perlmutter-Phase-2","Perlmutter-Phase-2",8.421,8.42108,8.42108,10.7011,7.81043e-05,0,2.28,,"None"
94,"COMPLETED","Perlmutter-Phase-2","Perlmutter-Phase-2",8.487,8.48708,8.48708,17.6271,7.81043e-05,0,9.14,,"None"
95,"COMPLETED","Perlmutter-Phase-1","Perlmutter-Phase-2",8.53,8.53008,8.53008,13.0101,7.81043e-05,0,4.48,,"None"
96,"COMPLETED","Frontier","Frontier",8.537,8.53708,8.53708,24.4846,7.81487e-05,0,15.9476,,"None"
97,"COMPLETED","Aurora","Aurora",8.537,8.53708,8.53708,11.239,7.81487e-05,0,2.70192,,"None"
98,"COMPLETED","Aurora","Perlmutter-Phase-1",8.55,8.55008,8.55008,11.3301,7.81043e-05,0,2.78,,"None"
99,"COMPLETED","Frontier","Aurora",8.558,8.55808,8.55808,10.3081,7.81043e-05,0,1.75,,"None"
100,"COMPLETED","Perlmutter-Phase-1","Aurora",8.563,8.56308,8.56308,11.1785,7.81043e-05,0,2.61538,,"None"
101,"COMPLETED","Frontier","Aurora",8.587,8.58708,8.58708,10.0102,7.81043e-05,0,1.42308,,"None"
102,"COMPLETED","Perlmutter-Phase-2","Frontier",8.588,8.58808,8.58808,8.99928,7.81043e-05,0,0.411204,,"None"
103,"COMPLETED","Perlmutter-Phase-2","Frontier",8.613,8.61308,8.61308,10.0612,7.81043e-05,0,1.44815,,"None"
104,"COMPLETED","Andes","Crux",8.627,8.62708,8.62708,9.04708,7.81043e-05,0,0.42,,"None"
105,"COMPLETED","Aurora","Aurora",8.639,8.63908,8.63908,8.93235,7.81043e-05,0,0.293269,,"None"
106,"COMPLETED","Frontier","Frontier",8.702,8.70208,8.70208,9.93569,7.81043e-05,0,1.23361,,"None"
107,"COMPLETED","Perlmutter-Phase-2","Frontier",8.714,8.71408,8.71408,10.341,7.81043e-05,0,1.62694,,"None"
108,"COMPLETED","Perlmutter-Phase-2","Frontier",8.721,8.72108,8.72108,10.6519,7.81043e-05,0,1.93087,,"None"
109,"COMPLETED","Perlmutter-Phase-1","Perlmutter-Phase-2",8.737,8.73708,8.73708,11.4371,7.81043e-05,0,2.7,,"None"
110,"COMPLETED","Crux","Frontier",8.745,8.74508,8.74508,10.372,7.81043e-05,0,1.62694,,"None"
111,"COMPLETED","Perlmutter-Phase-2","Perlmutter-Phase-2",8.748,8.74808,8.74808,14.8881,7.81043e-05,0,6.14,,"None"
112,"COMPLETED","Perlmutter-Phase-1","Perlmutter-Phase-2",8.75,8.75008,8.75008,10.2701,7.81043e-05,0,1.52,,"None"
113,"COMPLETED","Aurora","Crux",8.756,8.75608,8.75608,9.45608,7.81043e-05,0,0.7,,"None"
114,"COMPLETED","Frontier","Frontier",8.766,8.76608,8.76608,12.753,7.81043e-05,0,3.98689,,"None"
115,"COMPLETED","Perlmutter-Phase-1","Aurora",8.788,8.78808,8.78808,11.4371,7.81043e-05,0,2.64904,,"None"
116,"COMPLETED","Andes","Perlmutter-Phase-2",8.838,8.83808,8.83808,17.4781,7.81043e-05,0,8.64,,"None"
117,"COMPLETED","Andes","Frontier",8.945,8.94508,8.94508,10.2681,7.81043e-05,0,1.323,,"None"
118,"COMPLETED","Aurora","Aurora",8.99,8.99008,8.99008,9.45642,7.81043e-05,0,0.466346,,"None"
119,"COMPLETED","Frontier","Frontier",9.02,9.02008,9.02008,9.61007,7.81043e-05,0,0.589988,,"None"
120,"COMPLETED","Perlmutter-Phase-2","Perlmutter-Phase-2",9.022,9.02208,9.02208,14.9821,7.81043e-05,0,5.96,,"None"
121,"COMPLETED","Perlmutter-Phase-2","Perlmutter-Phase-2",9.053,9.05308,9.05308,21.4731,7.81043e-05,0,12.42,,"None"
122,"COMPLETED","Perlmutter-Phase-2","Perlmutter-Phase-2",9.099,9.09908,9.09908,127.459,7.81043e-05,0,118.36,,"None"
123,"COMPLETED","Crux","Frontier",9.181,9.18108,9.18108,9.46713,7.81043e-05,0,0.286055,,"None"
124,"COMPLETED","Aurora","Aurora",9.207,9.20708,9.20708,10.0436,7.81043e-05,0,0.836538,,"None"
125,"COMPLETED","Perlmutter-Phase-1","Aurora",9.216,9.21608,9.21608,12.3795,7.81043e-05,0,3.16346,,"None"
126,"COMPLETED","Aurora","Perlmutter-Phase-1",9.276,9.27608,9.27608,11.7761,7.81043e-05,0,2.5,,"None"
127,"COMPLETED","Frontier","Frontier",9.305,9.30508,9.30508,12.1477,7.81043e-05,0,2.84267,,"None"
128,"COMPLETED","Aurora","Aurora",9.338,9.33808,9.33808,9.77558,7.81043e-05,0,0.4375,,"None"
129,"COMPLETED","Perlmutter-Phase-1","Frontier",9.352,9.35208,9.35208,12.9456,7.81043e-05,0,3.59356,,"None"
130,"COMPLETED","Perlmutter-Phase-2","Perlmutter-Phase-2",9.381,9.38108,9.38108,14.3211,7.81043e-05,0,4.94,,"None"
131,"COMPLETED","Perlmutter-Phase-1","Aurora",9.441,9.44108,9.44108,10.7728,7.81043e-05,0,1.33173,,"None"
132,"COMPLETED","Aurora","Aurora",9.444,9.44408,9.44408,9.85273,7.81043e-05,0,0.408654,,"None"
133,"COMPLETED","Perlmutter-Phase-1","Aurora",9.447,9.44708,9.44708,12,7.81043e-05,0,2.55288,,"None"
134,"COMPLETED","Andes","Perlmutter-Phase-2",9.493,9.49308,9.49308,16.2731,7.81043e-05,0,6.78,,"None"
135,"COMPLETED","Frontier","Aurora",9.547,9.54708,9.54708,10.2538,7.81043e-05,0,0.706731,,"None"
136,"COMPLETED","Perlmutter-Phase-1","Perlmutter-Phase-2",9.552,9.55208,9.55208,18.5121,7.81043e-05,0,8.96,,"None"
137,"COMPLETED","Frontier","Aurora",9.617,9.61708,9.61708,35.1075,7.81043e-05,0,25.4904,,"None"
138,"COMPLETED","Perlmutter-Phase-2","Crux",9.623,9.62308,9.62308,11.1431,7.81043e-05,0,1.52,,"None"
139,"COMPLETED","Crux","Crux",9.637,9.63708,9.63708,13.4371,7.81043e-05,0,3.8,,"None"
140,"COMPLETED","Frontier","Aurora",9.65,9.65008,9.65008,11.2991,7.81043e-05,0,1.64904,,"None"
141,"COMPLETED","Perlmutter-Phase-1","Frontier",9.667,9.66708,9.66708,12.8316,7.81043e-05,0,3.16448,,"None"
142,"COMPLETED","Perlmutter-Phase-1","Aurora",9.711,9.71108,9.71108,10.4467,7.81043e-05,0,0.735577,,"None"
143,"COMPLETED","Frontier","Aurora",9.733,9.73308,9.73308,10.9446,7.81043e-05,0,1.21154,,"None"
144,"COMPLETED","Perlmutter-Phase-2","Crux",9.823,9.82308,9.82308,11.1431,7.81043e-05,0,1.32,,"None"
145,"COMPLETED","Perlmutter-Phase-2","Perlmutter-Phase-2",9.869,9.86908,9.86908,12.3091,7.81043e-05,0,2.44,,"None"
146,"COMPLETED","Perlmutter-Phase-1","Perlmutter-Phase-1",9.876,9.87608,9.87608,11.1761,7.81043e-05,0,1.3,,"None"
147,"COMPLETED","Andes","Frontier",9.882,9.88208,9.88208,12.5102,7.81043e-05,0,2.62813,,"None"
148,"COMPLETED","Andes","Frontier",9.948,9.94808,9.94808,10.3235,7.81043e-05,0,0.375447,,"None"
149,"COMPLETED","Perlmutter-Phase-1","Perlmutter-Phase-1",9.951,9.95108,9.95108,18.0911,7.81043e-05,0,8.14,,"None"
150,"COMPLETED","Andes","Crux",10.003,10.0031,10.0031,12.1831,7.81043e-05,0,2.18,,"None"
151,"COMPLETED","Frontier","Aurora",10.022,10.0221,10.0221,10.349,7.81043e-05,0,0.326923,,"None"
152,"COMPLETED","Perlmutter-Phase-1","Frontier",10.026,10.0261,10.0261,11.2239,7.81043e-05,0,1.19785,,"None"
153,"COMPLETED","Aurora","Perlmutter-Phase-1",10.055,10.0551,10.0551,17.3551,7.81043e-05,0,7.3,,"None"
154,"COMPLETED","Perlmutter-Phase-1","Crux",10.063,10.0631,10.0631,11.6031,7.81043e-05,0,1.54,,"None"
155,"COMPLETED","Perlmutter-Phase-2","Frontier",10.084,10.0841,10.0841,12.5155,7.81043e-05,0,2.43147,,"None"
156,"COMPLETED","Aurora","Aurora",10.111,10.1111,10.1111,19.6207,7.81043e-05,0,9.50962,,"None"
157,"COMPLETED","Frontier","Frontier",10.114,10.1141,10.1141,10.4001,7.81043e-05,0,0.286055,,"None"
158,"COMPLETED","Perlmutter-Phase-1","Crux",10.119,10.1191,10.1191,14.3991,7.81043e-05,0,4.28,,"None"
159,"COMPLETED","Frontier","Frontier",10.122,10.1221,10.1221,10.9624,7.81043e-05,0,0.840286,,"None"
160,"COMPLETED","Frontier","Aurora",10.151,10.1511,10.1511,10.579,7.81043e-05,0,0.427885,,"None"
161,"COMPLETED","Andes","Crux",10.18,10.1801,10.1801,11.9001,7.81043e-05,0,1.72,,"None"
162,"COMPLETED","Perlmutter-Phase-2","Frontier",10.181,10.1811,10.1811,11.8617,7.81043e-05,0,1.68057,,"None"
163,"COMPLETED","Perlmutter-Phase-1","Aurora",10.204,10.2041,10.2041,13.3002,7.81043e-05,0,3.09615,,"None"
164,"COMPLETED","Frontier","Aurora",10.21,10.2101,10.2101,11.3543,7.81043e-05,0,1.14423,,"None"
165,"COMPLETED","Perlmutter-Phase-2","Frontier",10.287,10.2871,10.2871,11.1452,7.81487e-05,0,0.858164,,"None"
166,"COMPLETED","Aurora","Frontier",10.287,10.2871,10.2871,11.0022,7.81487e-05,0,0.715137,,"None"
167,"COMPLETED","Perlmutter-Phase-1","Aurora",10.291,10.2911,10.2911,10.5892,7.81043e-05,0,0.298077,,"None"
168,"COMPLETED","Perlmutter-Phase-2","Frontier",10.294,10.2941,10.2941,10.598,7.81043e-05,0,0.303933,,"None"
169,"COMPLETED","Perlmutter-Phase-1","Crux",10.307,10.3071,10.3071,14.8471,7.81043e-05,0,4.54,,"None"
170,"COMPLETED","Aurora","Aurora",10.315,10.3151,10.3151,11.2526,7.81043e-05,0,0.9375,,"None"
171,"COMPLETED","Frontier","Frontier",10.339,10.3391,10.3391,11.3939,7.81043e-05,0,1.05483,,"None"
172,"COMPLETED","Perlmutter-Phase-2","Crux",10.356,10.3561,10.3561,10.8761,7.81043e-05,0,0.52,,"None"
173,"COMPLETED","Aurora","Perlmutter-Phase-1",10.374,10.3741,10.3741,13.6141,7.81043e-05,0,3.24,,"None"
174,"COMPLETED","Perlmutter-Phase-1","Perlmutter-Phase-2",10.375,10.3751,10.3751,16.1951,7.81043e-05,0,5.82,,"None"
175,"COMPLETED","Perlmutter-Phase-2","Perlmutter-Phase-2",10.383,10.3831,10.3831,13.4231,7.81487e-05,0,3.04,,"None"
176,"COMPLETED","Aurora","Frontier",10.383,10.3831,10.3831,11.4737,7.81487e-05,0,1.09058,,"None"
177,"COMPLETED","Frontier","Frontier",10.422,10.4221,10.4221,12.0848,7.81043e-05,0,1.66269,,"None"
178,"COMPLETED","Perlmutter-Phase-1","Perlmutter-Phase-1",10.432,10.4321,10.4321,11.8721,7.81043e-05,0,1.44,,"None"
179,"COMPLETED","Frontier","Perlmutter-Phase-1",10.441,10.4411,10.4411,11.7211,7.81043e-05,0,1.28,,"None"
180,"COMPLETED","Perlmutter-Phase-2","Frontier",10.467,10.4671,10.4671,14.0964,7.81043e-05,0,3.62932,,"None"
181,"COMPLETED","Aurora","Perlmutter-Phase-1",10.473,10.4731,10.4731,13.6131,7.81043e-05,0,3.14,,"None"
182,"COMPLETED","Frontier","Aurora",10.487,10.4871,10.4871,11.3861,7.81043e-05,0,0.899038,,"None"
183,"COMPLETED","Perlmutter-Phase-2","Frontier",10.546,10.5461,10.5461,14.1933,7.81043e-05,0,3.6472,,"None"
184,"COMPLETED","Perlmutter-Phase-2","Frontier",10.548,10.5481,10.5481,14.4098,7.81043e-05,0,3.86174,,"None"
185,"COMPLETED","Andes","Frontier",10.575,10.5751,10.5751,11.0399,7.81043e-05,0,0.464839,,"None"
186,"COMPLETED","Frontier","Perlmutter-Phase-1",10.58,10.5801,10.5801,12.1201,7.81043e-05,0,1.54,,"None"
187,"COMPLETED","Perlmutter-Phase-1","Aurora",10.585,10.5851,10.5851,10.9505,7.81043e-05,0,0.365385,,"None"
188,"COMPLETED","Aurora","Perlmutter-Phase-1",10.591,10.5911,10.5911,12.0311,7.81043e-05,0,1.44,,"None"
189,"COMPLETED","Aurora","Aurora",10.605,10.6051,10.6051,12.9608,7.81043e-05,0,2.35577,,"None"
190,"COMPLETED","Andes","Frontier",10.622,10.6221,10.6221,13.1787,7.81043e-05,0,2.55662,,"None"
191,"COMPLETED","Perlmutter-Phase-1","Frontier",10.636,10.6361,10.6361,26.5479,7.81043e-05,0,15.9118,,"None"
192,"COMPLETED","Perlmutter-Phase-1","Aurora",10.644,10.6441,10.6441,12.0191,7.81043e-05,0,1.375,,"None"
193,"COMPLETED","Aurora","Frontier",10.66,10.6601,10.6601,12.7161,7.81043e-05,0,2.05602,,"None"
194,"COMPLETED","Aurora","Aurora",10.664,10.6641,10.6641,11.2458,7.81043e-05,0,0.581731,,"None"
195,"COMPLETED","Aurora","Perlmutter-Phase-1",10.689,10.6891,10.6891,18.4291,7.81043e-05,0,7.74,,"None"
196,"COMPLETED","Aurora","Aurora",10.711,10.7111,10.7111,14.0909,7.81043e-05,0,3.37981,,"None"
197,"COMPLETED","Perlmutter-Phase-1","Frontier",10.716,10.7161,10.7161,11.467,7.81043e-05,0,0.750894,,"None"
198,"COMPLETED","Perlmutter-Phase-2","Crux",10.721,10.7211,10.7211,11.6011,7.81043e-05,0,0.88,,"None"
199,"COMPLETED","Aurora","Aurora",10.735,10.7351,10.7351,13.1678,7.81043e-05,0,2.43269,,"None"
200,"COMPLETED","Frontier","Frontier",10.763,10.7631,10.7631,60.1969,7.81043e-05,0,49.4338,,"None"
201,"COMPLETED","Perlmutter-Phase-1","Aurora",10.779,10.7791,10.7791,15.1685,7.81043e-05,0,4.38942,,"None"
202,"COMPLETED","Andes","Frontier",10.838,10.8381,10.8381,11.9287,7.81043e-05,0,1.09058,,"None"
203,"COMPLETED","Aurora","Frontier",10.85,10.8501,10.8501,11.4937,7.81043e-05,0,0.643623,,"None"
204,"COMPLETED","Frontier","Aurora",10.863,10.8631,10.8631,11.6227,7.81043e-05,0,0.759615,,"None"
205,"COMPLETED","Aurora","Perlmutter-Phase-1",10.864,10.8641,10.8641,22.2441,7.81043e-05,0,11.38,,"None"
206,"COMPLETED","Perlmutter-Phase-1","Frontier",10.871,10.8711,10.8711,33.684,7.81043e-05,0,22.8129,,"None"
207,"COMPLETED","Frontier","Aurora",10.882,10.8821,10.8821,13.9446,7.81043e-05,0,3.0625,,"None"
208,"COMPLETED","Perlmutter-Phase-1","Perlmutter-Phase-1",10.899,10.8991,10.8991,72.5791,7.81043e-05,0,61.68,,"None"
209,"COMPLETED","Perlmutter-Phase-2","Frontier",10.927,10.9271,10.9271,11.5349,7.81043e-05,0,0.607867,,"None"
210,"COMPLETED","Perlmutter-Phase-2","Crux",10.966,10.9661,10.9661,13.5061,7.81043e-05,0,2.54,,"None"
211,"COMPLETED","Frontier","Frontier",11.043,11.0431,11.0431,13.4567,7.81043e-05,0,2.41359,,"None"
212,"COMPLETED","Perlmutter-Phase-1","Aurora",11.105,11.1051,11.1051,11.4657,7.81043e-05,0,0.360577,,"None"
213,"COMPLETED","Perlmutter-Phase-1","Aurora",11.111,11.1111,11.1111,11.4428,7.81043e-05,0,0.331731,,"None"
214,"COMPLETED","Perlmutter-Phase-1","Crux",11.113,11.1131,11.1131,12.3331,7.81043e-05,0,1.22,,"None"
215,"COMPLETED","Aurora","Aurora",11.114,11.1141,11.1141,11.8064,7.81043e-05,0,0.692308,,"None"
216,"COMPLETED","Aurora","Aurora",11.119,11.1191,11.1191,11.5325,7.81043e-05,0,0.413462,,"None"
217,"COMPLETED","Frontier","Aurora",11.145,11.1451,11.1451,12.4864,7.81043e-05,0,1.34135,,"None"
218,"COMPLETED","Frontier","Perlmutter-Phase-1",11.152,11.1521,11.1521,12.6321,7.81043e-05,0,1.48,,"None"
219,"COMPLETED","Aurora","Crux",11.165,11.1651,11.1651,11.5451,7.81043e-05,0,0.38,,"None"
220,"COMPLETED","Andes","Frontier",11.169,11.1691,11.1691,13.0642,7.81043e-05,0,1.89511,,"None"
221,"COMPLETED","Perlmutter-Phase-2","Frontier",11.178,11.1781,11.1781,11.5178,7.81043e-05,0,0.33969,,"None"
222,"COMPLETED","Andes","Perlmutter-Phase-2",11.235,11.2351,11.2351,14.2751,7.81043e-05,0,3.04,,"None"
223,"COMPLETED","Perlmutter-Phase-1","Aurora",11.236,11.2361,11.2361,13.4092,7.81043e-05,0,2.17308,,"None"
224,"COMPLETED","Perlmutter-Phase-2","Perlmutter-Phase-2",11.261,11.2611,11.2611,25.1611,7.81043e-05,0,13.9,,"None"
225,"COMPLETED","Perlmutter-Phase-1","Perlmutter-Phase-2",11.282,11.2821,11.2821,14.3421,7.81043e-05,0,3.06,,"None"
226,"COMPLETED","Perlmutter-Phase-2","Perlmutter-Phase-2",11.339,11.3391,11.3391,19.6191,7.81043e-05,0,8.28,,"None"
227,"COMPLETED","Aurora","Perlmutter-Phase-1",11.346,11.3461,11.3461,14.7861,7.81043e-05,0,3.44,,"None"
228,"COMPLETED","Perlmutter-Phase-1","Aurora",11.365,11.3651,11.3651,11.7449,7.81043e-05,0,0.379808,,"None"
229,"COMPLETED","Crux","Frontier",11.373,11.3731,11.3731,11.6413,7.81043e-05,0,0.268176,,"None"
230,"COMPLETED","Aurora","Aurora",11.382,11.3821,11.3821,11.7138,7.81487e-05,0,0.331731,,"None"
231,"COMPLETED","Andes","Perlmutter-Phase-2",11.382,11.3821,11.3821,12.9821,7.81487e-05,0,1.6,,"None"
232,"COMPLETED","Perlmutter-Phase-2","Frontier",11.39,11.3901,11.3901,13.5176,7.81043e-05,0,2.12753,,"None"
233,"COMPLETED","Aurora","Perlmutter-Phase-1",11.401,11.4011,11.4011,24.5011,7.81043e-05,0,13.1,,"None"
234,"COMPLETED","Frontier","Aurora",11.425,11.4251,11.4251,12.0116,7.81043e-05,0,0.586538,,"None"
235,"COMPLETED","Aurora","Perlmutter-Phase-2",11.437,11.4371,11.4371,13.5371,7.81043e-05,0,2.1,,"None"
236,"COMPLETED","Crux","Perlmutter-Phase-2",11.445,11.4451,11.4451,12.6851,7.81043e-05,0,1.24,,"None"
237,"COMPLETED","Frontier","Perlmutter-Phase-1",11.449,11.4491,11.4491,12.7891,7.81043e-05,0,1.34,,"None"
238,"COMPLETED","Perlmutter-Phase-1","Frontier",11.495,11.4951,11.4951,12.6572,7.81043e-05,0,1.1621,,"None"
239,"COMPLETED","Perlmutter-Phase-1","Perlmutter-Phase-1",11.512,11.5121,11.5121,12.9521,7.81043e-05,0,1.44,,"None"
240,"COMPLETED","Frontier","Aurora",11.524,11.5241,11.5241,14.7308,7.81043e-05,0,3.20673,,"None"
241,"COMPLETED","Andes","Frontier",11.525,11.5251,11.5251,13.0626,7.81043e-05,0,1.53754,,"None"
242,"COMPLETED","Frontier","Frontier",11.527,11.5271,11.5271,12.4746,7.81043e-05,0,0.947557,,"None"
243,"COMPLETED","Perlmutter-Phase-2","Frontier",11.544,11.5441,11.5441,12.9028,7.81043e-05,0,1.35876,,"None"
244,"COMPLETED","Perlmutter-Phase-1","Frontier",11.568,11.5681,11.5681,11.872,7.81043e-05,0,0.303933,,"None"
245,"COMPLETED","Frontier","Crux",11.594,11.5941,11.5941,17.7541,7.81043e-05,0,6.16,,"None"
246,"COMPLETED","Frontier","Aurora",11.606,11.6061,11.6061,12.5003,7.81043e-05,0,0.894231,,"None"
247,"COMPLETED","Crux","Crux",11.629,11.6291,11.6291,12.3491,7.81043e-05,0,0.72,,"None"
248,"COMPLETED","Perlmutter-Phase-1","Aurora",11.65,11.6501,11.6501,21.7174,7.81043e-05,0,10.0673,,"None"
249,"COMPLETED","Aurora","Frontier",11.662,11.6621,11.6621,13.0208,7.81043e-05,0,1.35876,,"None"
250,"COMPLETED","Perlmutter-Phase-1","Aurora",11.674,11.6741,11.6741,44.3087,7.81043e-05,0,32.6346,,"None"
251,"COMPLETED","Aurora","Frontier",11.681,11.6811,11.6811,13.5404,7.81043e-05,0,1.85936,,"None"
252,"COMPLETED","Frontier","Aurora",11.686,11.6861,11.6861,12.3063,7.81043e-05,0,0.620192,,"None"
253,"COMPLETED","Perlmutter-Phase-1","Perlmutter-Phase-1",11.693,11.6931,11.6931,18.2731,7.81043e-05,0,6.58,,"None"
254,"COMPLETED","Crux","Crux",11.695,11.6951,11.6951,17.1151,7.81043e-05,0,5.42,,"None"
255,"COMPLETED","Frontier","Aurora",11.774,11.7741,11.7741,14.8318,7.81043e-05,0,3.05769,,"None"
256,"COMPLETED","Crux","Frontier",11.785,11.7851,11.7851,13.2511,7.81043e-05,0,1.46603,,"None"
257,"COMPLETED","Perlmutter-Phase-1","Aurora",11.8,11.8001,11.8001,14.728,7.81043e-05,0,2.92788,,"None"
258,"COMPLETED","Perlmutter-Phase-2","Crux",11.805,11.8051,11.8051,12.1451,7.81043e-05,0,0.34,,"None"
259,"COMPLETED","Perlmutter-Phase-2","Perlmutter-Phase-2",11.814,11.8141,11.8141,14.8741,7.81043e-05,0,3.06,,"None"
260,"COMPLETED","Perlmutter-Phase-2","Crux",11.827,11.8271,11.8271,18.7471,7.81043e-05,0,6.92,,"None"
261,"COMPLETED","Frontier","Aurora",11.831,11.8311,11.8311,13.0955,7.81043e-05,0,1.26442,,"None"
262,"COMPLETED","Frontier","Crux",11.837,11.8371,11.8371,18.3771,7.81043e-05,0,6.54,,"None"
263,"COMPLETED","Perlmutter-Phase-1","Aurora",11.854,11.8541,11.8541,14.1714,7.81043e-05,0,2.31731,,"None"
264,"COMPLETED","Aurora","Aurora",11.86,11.8601,11.8601,12.6678,7.81043e-05,0,0.807692,,"None"
265,"COMPLETED","Frontier","Crux",11.87,11.8701,11.8701,12.2301,7.81043e-05,0,0.36,,"None"
266,"COMPLETED","Perlmutter-Phase-1","Aurora",11.882,11.8821,11.8821,14.0552,7.81043e-05,0,2.17308,,"None"
267,"COMPLETED","Perlmutter-Phase-1","Perlmutter-Phase-1",11.933,11.9331,11.9331,26.2131,7.81043e-05,0,14.28,,"None"
268,"COMPLETED","Aurora","Perlmutter-Phase-1",11.934,11.9341,11.9341,20.0541,7.81043e-05,0,8.12,,"None"
269,"COMPLETED","Perlmutter-Phase-1","Frontier",11.937,11.9371,11.9371,14.7619,7.81043e-05,0,2.82479,,"None"
270,"COMPLETED","Aurora","Perlmutter-Phase-1",11.938,11.9381,11.9381,15.6181,7.81043e-05,0,3.68,,"None"
271,"COMPLETED","Frontier","Perlmutter-Phase-1",11.98,11.9801,11.9801,24.8201,7.81043e-05,0,12.84,,"None"
272,"COMPLETED","Perlmutter-Phase-1","Aurora",11.986,11.9861,11.9861,12.4957,7.81043e-05,0,0.509615,,"None"
273,"COMPLETED","Perlmutter-Phase-1","Aurora",11.992,11.9921,11.9921,13.3334,7.81043e-05,0,1.34135,,"None"
274,"COMPLETED","Perlmutter-Phase-1","Frontier",12.019,12.0191,12.0191,12.3945,7.81043e-05,0,0.375447,,"None"
275,"COMPLETED","Aurora","Perlmutter-Phase-1",12.047,12.0471,12.0471,16.4271,7.81043e-05,0,4.38,,"None"
276,"COMPLETED","Frontier","Aurora",12.05,12.0501,12.0501,13.103,7.81043e-05,0,1.05288,,"None"
277,"COMPLETED","Frontier","Perlmutter-Phase-2",12.053,12.0531,12.0531,16.7731,7.81043e-05,0,4.72,,"None"
278,"COMPLETED","Frontier","Aurora",12.087,12.0871,12.0871,14.6352,7.81043e-05,0,2.54808,,"None"
279,"COMPLETED","Perlmutter-Phase-1","Perlmutter-Phase-1",12.122,12.1221,12.1221,13.8021,7.81043e-05,0,1.68,,"None"
280,"COMPLETED","Frontier","Aurora",12.123,12.1231,12.1231,14.0077,7.81043e-05,0,1.88462,,"None"
281,"COMPLETED","Perlmutter-Phase-1","Frontier",12.145,12.1451,12.1451,14.0402,7.81043e-05,0,1.89511,,"None"
282,"COMPLETED","Perlmutter-Phase-1","Crux",12.179,12.1791,12.1791,12.6391,7.81043e-05,0,0.46,,"None"
283,"COMPLETED","Aurora","Aurora",12.237,12.2371,12.2371,12.9246,7.81043e-05,0,0.6875,,"None"
284,"COMPLETED","Perlmutter-Phase-2","Aurora",12.243,12.2431,12.2431,15.2238,7.81043e-05,0,2.98077,,"None"
285,"COMPLETED","Perlmutter-Phase-1","Frontier",12.247,12.2471,12.2471,15.5367,7.81043e-05,0,3.28963,,"None"
286,"COMPLETED","Aurora","Crux",12.264,12.2641,12.2641,13.8041,7.81043e-05,0,1.54,,"None"
287,"COMPLETED","Aurora","Crux",12.27,12.2701,12.2701,13.3301,7.81043e-05,0,1.06,,"None"
288,"COMPLETED","Andes","Frontier",12.282,12.2821,12.2821,15.2141,7.81043e-05,0,2.93206,,"None"
289,"COMPLETED","Crux","Perlmutter-Phase-2",12.289,12.2891,12.2891,14.0091,7.81043e-05,0,1.72,,"None"
290,"COMPLETED","Perlmutter-Phase-1","Aurora",12.349,12.3491,12.3491,13.3298,7.81043e-05,0,0.980769,,"None"
291,"COMPLETED","Frontier","Perlmutter-Phase-1",12.362,12.3621,12.3621,16.1221,7.81487e-05,0,3.76,,"None"
292,"COMPLETED","Perlmutter-Phase-1","Perlmutter-Phase-2",12.362,12.3621,12.3621,16.4421,7.81487e-05,0,4.08,,"None"
293,"COMPLETED","Perlmutter-Phase-2","Crux",12.388,12.3881,12.3881,14.6281,7.81043e-05,0,2.24,,"None"
294,"COMPLETED","Frontier","Frontier",12.39,12.3901,12.3901,12.7298,7.81043e-05,0,0.33969,,"None"
295,"COMPLETED","Perlmutter-Phase-2","Perlmutter-Phase-2",12.41,12.4101,12.4101,14.0501,7.81043e-05,0,1.64,,"None"
296,"COMPLETED","Perlmutter-Phase-1","Perlmutter-Phase-1",12.454,12.4541,12.4541,14.1541,7.81043e-05,0,1.7,,"None"
297,"COMPLETED","Frontier","Frontier",12.465,12.4651,12.4651,12.912,7.81043e-05,0,0.446961,,"None"
298,"COMPLETED","Frontier","Frontier",12.467,12.4671,12.4671,15.6852,7.81043e-05,0,3.21812,,"None"
299,"COMPLETED","Aurora","Perlmutter-Phase-1",12.475,12.4751,12.4751,18.7751,7.81043e-05,0,6.3,,"None"
300,"COMPLETED","Aurora","Aurora",12.476,12.4761,12.4761,17.8655,7.81043e-05,0,5.38942,,"None"
301,"COMPLETED","Aurora","Aurora",12.49,12.4901,12.4901,12.9276,7.81043e-05,0,0.4375,,"None"
302,"COMPLETED","Perlmutter-Phase-1","Aurora",12.5,12.5001,12.5001,12.9472,7.81043e-05,0,0.447115,,"None"
303,"COMPLETED","Aurora","Perlmutter-Phase-1",12.511,12.5111,12.5111,14.1311,7.81043e-05,0,1.62,,"None"
304,"COMPLETED","Frontier","Frontier",12.521,12.5211,12.5211,33.2243,7.81487e-05,0,20.7032,,"None"
305,"COMPLETED","Frontier","Crux",12.521,12.5211,12.5211,14.0011,7.81487e-05,0,1.48,,"None"
306,"COMPLETED","Frontier","Aurora",12.53,12.5301,12.5301,12.8474,7.81043e-05,0,0.317308,,"None"
307,"COMPLETED","Frontier","Perlmutter-Phase-2",12.544,12.5441,12.5441,18.2641,7.81043e-05,0,5.72,,"None"
308,"COMPLETED","Aurora","Aurora",12.57,12.5701,12.5701,15.0989,7.81043e-05,0,2.52885,,"None"
309,"COMPLETED","Perlmutter-Phase-1","Aurora",12.586,12.5861,12.5861,12.9226,7.81043e-05,0,0.336538,,"None"
310,"COMPLETED","Aurora","Aurora",12.611,12.6111,12.6111,14.7505,7.81043e-05,0,2.13942,,"None"
311,"COMPLETED","Perlmutter-Phase-1","Perlmutter-Phase-1",12.623,12.6231,12.6231,14.5231,7.81043e-05,0,1.9,,"None"
312,"COMPLETED","Perlmutter-Phase-2","Frontier",12.628,12.6281,12.6281,13.379,7.81043e-05,0,0.750894,,"None"
313,"COMPLETED","Frontier","Frontier",12.634,12.6341,12.6341,14.118,7.81043e-05,0,1.48391,,"None"
314,"COMPLETED","Perlmutter-Phase-1","Perlmutter-Phase-1",12.64,12.6401,12.6401,16.4201,7.81043e-05,0,3.78,,"None"
315,"COMPLETED","Frontier","Aurora",12.651,12.6511,12.6511,12.9684,7.81043e-05,0,0.317308,,"None"
316,"COMPLETED","Frontier","Aurora",12.69,12.6901,12.6901,14.3872,7.81487e-05,0,1.69712,,"None"
317,"COMPLETED","Frontier","Aurora",12.69,12.6901,12.6901,13.7189,7.81487e-05,0,1.02885,,"None"
318,"COMPLETED","Perlmutter-Phase-2","Frontier",12.706,12.7061,12.7061,13.0636,7.81043e-05,0,0.357569,,"None"
319,"COMPLETED","Perlmutter-Phase-1","Frontier",12.717,12.7171,12.7171,13.8971,7.81043e-05,0,1.17998,,"None"
320,"COMPLETED","Perlmutter-Phase-1","Aurora",12.723,12.7231,12.7231,13.2856,7.81043e-05,0,0.5625,,"None"
321,"COMPLETED","Crux","Crux",12.732,12.7321,12.7321,13.0521,7.81043e-05,0,0.32,,"None"
322,"COMPLETED","Frontier","Frontier",12.733,12.7331,12.7331,13.2158,7.81043e-05,0,0.482718,,"None"
323,"COMPLETED","Perlmutter-Phase-2","Crux",12.755,12.7551,12.7551,13.1951,7.81043e-05,0,0.44,,"None"
324,"COMPLETED","Perlmutter-Phase-1","Aurora",12.762,12.7621,12.7621,14.0217,7.81043e-05,0,1.25962,,"None"
325,"COMPLETED","Aurora","Frontier",12.826,12.8261,12.8261,15.2218,7.81043e-05,0,2.39571,,"None"
326,"COMPLETED","Perlmutter-Phase-2","Crux",12.845,12.8451,12.8451,13.2451,7.81043e-05,0,0.4,,"None"
327,"COMPLETED","Perlmutter-Phase-1","Aurora",12.866,12.8661,12.8661,14.1065,7.81043e-05,0,1.24038,,"None"
328,"COMPLETED","Perlmutter-Phase-2","Crux",12.875,12.8751,12.8751,14.0551,7.81043e-05,0,1.18,,"None"
329,"COMPLETED","Frontier","Aurora",12.878,12.8781,12.8781,13.4598,7.81043e-05,0,0.581731,,"None"
330,"COMPLETED","Perlmutter-Phase-2","Frontier",12.88,12.8801,12.8801,53.8396,7.81043e-05,0,40.9595,,"None"
331,"COMPLETED","Perlmutter-Phase-1","Perlmutter-Phase-2",12.894,12.8941,12.8941,15.7941,7.81043e-05,0,2.9,,"None"
332,"COMPLETED","Frontier","Perlmutter-Phase-1",12.897,12.8971,12.8971,18.2971,7.81043e-05,0,5.4,,"None"
333,"COMPLETED","Perlmutter-Phase-1","Aurora",12.909,12.9091,12.9091,13.2793,7.81043e-05,0,0.370192,,"None"
334,"COMPLETED","Frontier","Aurora",12.913,12.9131,12.9131,13.4467,7.81043e-05,0,0.533654,,"None"
335,"COMPLETED","Perlmutter-Phase-2","Frontier",12.915,12.9151,12.9151,30.9008,7.81043e-05,0,17.9857,,"None"
336,"COMPLETED","Perlmutter-Phase-1","Aurora",12.918,12.9181,12.9181,13.3604,7.81043e-05,0,0.442308,,"None"
337,"COMPLETED","Perlmutter-Phase-2","Crux",12.929,12.9291,12.9291,13.3091,7.81043e-05,0,0.38,,"None"
338,"COMPLETED","Perlmutter-Phase-2","Crux",12.931,12.9311,12.9311,14.0311,7.81043e-05,0,1.1,,"None"
339,"COMPLETED","Aurora","Perlmutter-Phase-1",12.951,12.9511,12.9511,14.5311,7.81043e-05,0,1.58,,"None"
340,"COMPLETED","Andes","Crux",12.97,12.9701,12.9701,19.5101,7.81043e-05,0,6.54,,"None"
341,"COMPLETED","Frontier","Perlmutter-Phase-1",13,13.0001,13.0001,22.1401,7.81043e-05,0,9.14,,"None"
342,"COMPLETED","Crux","Perlmutter-Phase-2",13.046,13.0461,13.0461,14.8861,7.81043e-05,0,1.84,,"None"
343,"COMPLETED","Aurora","Aurora",13.071,13.0711,13.0711,15.9749,7.81043e-05,0,2.90385,,"None"
344,"COMPLETED","Perlmutter-Phase-2","Frontier",13.084,13.0841,13.0841,14.3892,7.81043e-05,0,1.30513,,"None"
345,"COMPLETED","Crux","Frontier",13.131,13.1311,13.1311,15.4016,7.81043e-05,0,2.27056,,"None"
346,"COMPLETED","Aurora","Frontier",13.143,13.1431,13.1431,13.8046,7.81043e-05,0,0.661502,,"None"
347,"COMPLETED","Perlmutter-Phase-2","Perlmutter-Phase-2",13.156,13.1561,13.1561,17.3961,7.81043e-05,0,4.24,,"None"
348,"COMPLETED","Frontier","Frontier",13.165,13.1651,13.1651,13.5405,7.81043e-05,0,0.375447,,"None"
349,"COMPLETED","Perlmutter-Phase-1","Aurora",13.206,13.2061,13.2061,13.7974,7.81043e-05,0,0.591346,,"None"
350,"COMPLETED","Perlmutter-Phase-1","Aurora",13.21,13.2101,13.2101,13.6332,7.81043e-05,0,0.423077,,"None"
351,"COMPLETED","Frontier","Perlmutter-Phase-1",13.213,13.2131,13.2131,17.7131,7.81043e-05,0,4.5,,"None"
352,"COMPLETED","Perlmutter-Phase-1","Aurora",13.217,13.2171,13.2171,13.8805,7.81043e-05,0,0.663462,,"None"
353,"COMPLETED","Perlmutter-Phase-2","Perlmutter-Phase-2",13.219,13.2191,13.2191,14.6191,7.81043e-05,0,1.4,,"None"
354,"COMPLETED","Perlmutter-Phase-1","Frontier",13.23,13.2301,13.2301,13.8916,7.81043e-05,0,0.661502,,"None"
355,"COMPLETED","Frontier","Aurora",13.237,13.2371,13.2371,13.7803,7.81043e-05,0,0.543269,,"None"
356,"COMPLETED","Crux","Crux",13.254,13.2541,13.2541,16.6141,7.81043e-05,0,3.36,,"None"
357,"COMPLETED","Perlmutter-Phase-2","Perlmutter-Phase-2",13.258,13.2581,13.2581,17.1381,7.81043e-05,0,3.88,,"None"
358,"COMPLETED","Aurora","Aurora",13.262,13.2621,13.2621,13.9496,7.81043e-05,0,0.6875,,"None"
359,"COMPLETED","Crux","Perlmutter-Phase-2",13.266,13.2661,13.2661,22.7261,7.81043e-05,0,9.46,,"None"
360,"COMPLETED","Perlmutter-Phase-1","Perlmutter-Phase-1",13.278,13.2781,13.2781,14.9181,7.81043e-05,0,1.64,,"None"
361,"COMPLETED","Perlmutter-Phase-2","Frontier",13.288,13.2881,13.2881,16.8995,7.81043e-05,0,3.61144,,"None"
362,"COMPLETED","Aurora","Crux",13.301,13.3011,13.3011,13.6811,7.81043e-05,0,0.38,,"None"
363,"COMPLETED","Aurora","Aurora",13.306,13.3061,13.3061,26.3013,7.81043e-05,0,12.9952,,"None"
364,"COMPLETED","Frontier","Aurora",13.35,13.3501,13.3501,13.7587,7.81043e-05,0,0.408654,,"None"
365,"COMPLETED","Crux","Perlmutter-Phase-2",13.353,13.3531,13.3531,15.3331,7.81043e-05,0,1.98,,"None"
366,"COMPLETED","Aurora","Aurora",13.369,13.3691,13.3691,13.8018,7.81043e-05,0,0.432692,,"None"
367,"COMPLETED","Crux","Crux",13.372,13.3721,13.3721,15.8521,7.81043e-05,0,2.48,,"None"
368,"COMPLETED","Aurora","Perlmutter-Phase-1",13.379,13.3791,13.3791,16.2991,7.81043e-05,0,2.92,,"None"
369,"COMPLETED","Crux","Perlmutter-Phase-2",13.427,13.4271,13.4271,16.6071,7.81043e-05,0,3.18,,"None"
370,"COMPLETED","Andes","Frontier",13.432,13.4321,13.4321,14.3439,7.81043e-05,0,0.9118,,"None"
371,"COMPLETED","Andes","Crux",13.438,13.4381,13.4381,14.7381,7.81043e-05,0,1.3,,"None"
372,"COMPLETED","Perlmutter-Phase-1","Aurora",13.462,13.4621,13.4621,15.313,7.81043e-05,0,1.85096,,"None"
373,"COMPLETED","Perlmutter-Phase-2","Crux",13.475,13.4751,13.4751,14.0951,7.81043e-05,0,0.62,,"None"
374,"COMPLETED","Frontier","Frontier",13.54,13.5401,13.5401,14.3089,7.81043e-05,0,0.768772,,"None"
375,"COMPLETED","Crux","Frontier",13.553,13.5531,13.5531,16.8606,7.81487e-05,0,3.30751,,"None"
376,"COMPLETED","Perlmutter-Phase-2","Frontier",13.553,13.5531,13.5531,13.9285,7.81487e-05,0,0.375447,,"None"
377,"COMPLETED","Perlmutter-Phase-2","Frontier",13.599,13.5991,13.5991,15.1187,7.81043e-05,0,1.51967,,"None"
378,"COMPLETED","Frontier","Aurora",13.61,13.6101,13.6101,14.0187,7.81043e-05,0,0.408654,,"None"
379,"COMPLETED","Perlmutter-Phase-1","Perlmutter-Phase-2",13.622,13.6221,13.6221,19.2221,7.81043e-05,0,5.6,,"None"
380,"COMPLETED","Aurora","Aurora",13.631,13.6311,13.6311,16.2897,7.81043e-05,0,2.65865,,"None"
381,"COMPLETED","Perlmutter-Phase-2","Crux",13.641,13.6411,13.6411,14.1211,7.81043e-05,0,0.48,,"None"
382,"COMPLETED","Perlmutter-Phase-1","Crux",13.643,13.6431,13.6431,14.3031,7.81043e-05,0,0.66,,"None"
383,"COMPLETED","Perlmutter-Phase-1","Perlmutter-Phase-1",13.651,13.6511,13.6511,14.9511,7.81487e-05,0,1.3,,"None"
384,"COMPLETED","Andes","Frontier",13.651,13.6511,13.6511,15.868,7.81487e-05,0,2.21692,,"None"
385,"COMPLETED","Aurora","Perlmutter-Phase-1",13.658,13.6581,13.6581,16.4581,7.81487e-05,0,2.8,,"None"
386,"COMPLETED","Frontier","Aurora",13.658,13.6581,13.6581,14.0379,7.81487e-05,0,0.379808,,"None"
387,"COMPLETED","Frontier","Frontier",13.705,13.7051,13.7051,14.0805,7.81043e-05,0,0.375447,,"None"
388,"COMPLETED","Frontier","Aurora",13.706,13.7061,13.7061,15.7974,7.81043e-05,0,2.09135,,"None"
389,"COMPLETED","Aurora","Aurora",13.715,13.7151,13.7151,14.2247,7.81043e-05,0,0.509615,,"None"
390,"COMPLETED","Aurora","Aurora",13.723,13.7231,13.7231,31.8913,7.81043e-05,0,18.1683,,"None"
391,"COMPLETED","Andes","Frontier",13.738,13.7381,13.7381,15.5796,7.81043e-05,0,1.84148,,"None"
392,"COMPLETED","Andes","Crux",13.758,13.7581,13.7581,14.4181,7.81043e-05,0,0.66,,"None"
393,"COMPLETED","Frontier","Frontier",13.765,13.7651,13.7651,14.212,7.81043e-05,0,0.446961,,"None"
394,"COMPLETED","Frontier","Perlmutter-Phase-2",13.772,13.7721,13.7721,18.8921,7.81043e-05,0,5.12,,"None"
395,"COMPLETED","Aurora","Perlmutter-Phase-1",13.784,13.7841,13.7841,17.5641,7.81043e-05,0,3.78,,"None"
396,"COMPLETED","Andes","Perlmutter-Phase-2",13.786,13.7861,13.7861,15.5461,7.81043e-05,0,1.76,,"None"
397,"COMPLETED","Perlmutter-Phase-1","Perlmutter-Phase-1",13.787,13.7871,13.7871,18.0071,7.81043e-05,0,4.22,,"None"
398,"COMPLETED","Perlmutter-Phase-1","Aurora",13.791,13.7911,13.7911,14.094,7.81043e-05,0,0.302885,,"None"
399,"COMPLETED","Andes","Perlmutter-Phase-2",13.809,13.8091,13.8091,25.9691,7.81043e-05,0,12.16,,"None"
400,"COMPLETED","Frontier","Frontier",13.811,13.8111,13.8111,15.6704,7.81043e-05,0,1.85936,,"None"
401,"COMPLETED","Andes","Frontier",13.825,13.8251,13.8251,15.7381,7.81043e-05,0,1.91299,,"None"
402,"COMPLETED","Frontier","Perlmutter-Phase-2",13.827,13.8271,13.8271,18.8471,7.81043e-05,0,5.02,,"None"
403,"COMPLETED","Perlmutter-Phase-1","Aurora",13.855,13.8551,13.8551,14.682,7.81487e-05,0,0.826923,,"None"
404,"COMPLETED","Aurora","Perlmutter-Phase-1",13.855,13.8551,13.8551,26.0951,7.81487e-05,0,12.24,,"None"
405,"COMPLETED","Perlmutter-Phase-2","Perlmutter-Phase-2",13.863,13.8631,13.8631,17.5431,7.81043e-05,0,3.68,,"None"
406,"COMPLETED","Frontier","Aurora",13.87,13.8701,13.8701,17.2018,7.81043e-05,0,3.33173,,"None"
407,"COMPLETED","Perlmutter-Phase-1","Perlmutter-Phase-2",13.917,13.9171,13.9171,15.5571,7.81043e-05,0,1.64,,"None"
408,"COMPLETED","Aurora","Aurora",13.923,13.9231,13.9231,39.5769,7.81043e-05,0,25.6538,,"None"
409,"COMPLETED","Frontier","Perlmutter-Phase-1",13.929,13.9291,13.9291,19.1491,7.81043e-05,0,5.22,,"None"
410,"COMPLETED","Perlmutter-Phase-2","Perlmutter-Phase-2",13.932,13.9321,13.9321,14.2721,7.81043e-05,0,0.34,,"None"
411,"COMPLETED","Perlmutter-Phase-1","Crux",13.938,13.9381,13.9381,17.7781,7.81043e-05,0,3.84,,"None"
412,"COMPLETED","Frontier","Aurora",13.948,13.9481,13.9481,14.6067,7.81043e-05,0,0.658654,,"None"
413,"COMPLETED","Crux","Perlmutter-Phase-2",13.986,13.9861,13.9861,18.5461,7.81043e-05,0,4.56,,"None"
414,"COMPLETED","Frontier","Perlmutter-Phase-1",13.989,13.9891,13.9891,16.8291,7.81043e-05,0,2.84,,"None"
415,"COMPLETED","Perlmutter-Phase-2","Frontier",13.99,13.9901,13.9901,16.064,7.81043e-05,0,2.0739,,"None"
416,"COMPLETED","Aurora","Frontier",14.017,14.0171,14.0171,14.5177,7.81043e-05,0,0.500596,,"None"
417,"COMPLETED","Aurora","Frontier",14.051,14.0511,14.0511,14.4444,7.81043e-05,0,0.393325,,"None"
418,"COMPLETED","Aurora","Aurora",14.055,14.0551,14.0551,15.0503,7.81043e-05,0,0.995192,,"None"
419,"COMPLETED","Aurora","Aurora",14.081,14.0811,14.0811,16.884,7.81043e-05,0,2.80288,,"None"
420,"COMPLETED","Aurora","Frontier",14.105,14.1051,14.1051,15.446,7.81043e-05,0,1.34088,,"None"
421,"COMPLETED","Frontier","Perlmutter-Phase-1",14.129,14.1291,14.1291,15.3691,7.81043e-05,0,1.24,,"None"
422,"COMPLETED","Frontier","Aurora",14.152,14.1521,14.1521,14.5992,7.81043e-05,0,0.447115,,"None"
423,"COMPLETED","Aurora","Perlmutter-Phase-2",14.173,14.1731,14.1731,15.9131,7.81043e-05,0,1.74,,"None"
424,"COMPLETED","Perlmutter-Phase-1","Perlmutter-Phase-2",14.184,14.1841,14.1841,15.6641,7.81043e-05,0,1.48,,"None"
425,"COMPLETED","Aurora","Crux",14.196,14.1961,14.1961,15.6761,7.81043e-05,0,1.48,,"None"
426,"COMPLETED","Perlmutter-Phase-2","Perlmutter-Phase-2",14.217,14.2171,14.2171,22.1171,7.81043e-05,0,7.9,,"None"
427,"COMPLETED","Andes","Frontier",14.235,14.2351,14.2351,14.7178,7.81043e-05,0,0.482718,,"None"
428,"COMPLETED","Frontier","Aurora",14.24,14.2401,14.2401,14.7208,7.81043e-05,0,0.480769,,"None"
429,"COMPLETED","Perlmutter-Phase-1","Aurora",14.248,14.2481,14.2481,14.5654,7.81043e-05,0,0.317308,,"None"
430,"COMPLETED","Perlmutter-Phase-1","Aurora",14.256,14.2561,14.2561,15.4292,7.81043e-05,0,1.17308,,"None"
431,"COMPLETED","Aurora","Aurora",14.266,14.2661,14.2661,16.2468,7.81043e-05,0,1.98077,,"None"
432,"COMPLETED","Crux","Frontier",14.283,14.2831,14.2831,15.4273,7.81043e-05,0,1.14422,,"None"
433,"COMPLETED","Aurora","Frontier",14.303,14.3031,14.3031,15.1255,7.81043e-05,0,0.822408,,"None"
434,"COMPLETED","Frontier","Frontier",14.312,14.3121,14.3121,14.7233,7.81043e-05,0,0.411204,,"None"
435,"COMPLETED","Aurora","Frontier",14.315,14.3151,14.3151,17.2471,7.81043e-05,0,2.93206,,"None"
436,"COMPLETED","Frontier","Aurora",14.318,14.3181,14.3181,15.0488,7.81043e-05,0,0.730769,,"None"
437,"COMPLETED","Perlmutter-Phase-2","Perlmutter-Phase-2",14.332,14.3321,14.3321,20.2721,7.81487e-05,0,5.94,,"None"
438,"COMPLETED","Perlmutter-Phase-1","Frontier",14.332,14.3321,14.3321,14.6181,7.81487e-05,0,0.286055,,"None"
439,"COMPLETED","Perlmutter-Phase-1","Crux",14.345,14.3451,14.3451,17.2651,7.81043e-05,0,2.92,,"None"
440,"COMPLETED","Aurora","Frontier",14.361,14.3611,14.3611,14.6471,7.81043e-05,0,0.286055,,"None"
441,"COMPLETED","Aurora","Aurora",14.363,14.3631,14.3631,20.2573,7.81043e-05,0,5.89423,,"None"
442,"COMPLETED","Aurora","Aurora",14.366,14.3661,14.3661,14.669,7.81043e-05,0,0.302885,,"None"
443,"COMPLETED","Aurora","Aurora",14.395,14.3951,14.3951,16.5008,7.81043e-05,0,2.10577,,"None"
444,"COMPLETED","Perlmutter-Phase-2","Perlmutter-Phase-2",14.407,14.4071,14.4071,20.4871,7.81043e-05,0,6.08,,"None"
445,"COMPLETED","Perlmutter-Phase-1","Aurora",14.432,14.4321,14.4321,14.8023,7.81043e-05,0,0.370192,,"None"
446,"COMPLETED","Perlmutter-Phase-1","Aurora",14.448,14.4481,14.4481,16.1837,7.81043e-05,0,1.73558,,"None"
447,"COMPLETED","Frontier","Aurora",14.464,14.4641,14.4641,16.7333,7.81043e-05,0,2.26923,,"None"
448,"COMPLETED","Aurora","Aurora",14.473,14.4731,14.4731,15.9923,7.81043e-05,0,1.51923,,"None"
449,"COMPLETED","Perlmutter-Phase-1","Frontier",14.502,14.5021,14.5021,15.1099,7.81043e-05,0,0.607867,,"None"
450,"COMPLETED","Perlmutter-Phase-2","Aurora",14.525,14.5251,14.5251,16.2895,7.81043e-05,0,1.76442,,"None"
451,"COMPLETED","Frontier","Aurora",14.534,14.5341,14.5341,15.0197,7.81487e-05,0,0.485577,,"None"
452,"COMPLETED","Crux","Crux",14.534,14.5341,14.5341,15.0741,7.81487e-05,0,0.54,,"None"
453,"COMPLETED","Aurora","Aurora",14.541,14.5411,14.5411,21.9065,7.81043e-05,0,7.36538,,"None"
454,"COMPLETED","Aurora","Aurora",14.543,14.5431,14.5431,16.7402,7.81043e-05,0,2.19712,,"None"
455,"COMPLETED","Perlmutter-Phase-2","Frontier",14.571,14.5711,14.5711,15.1253,7.81043e-05,0,0.554231,,"None"
456,"COMPLETED","Aurora","Aurora",14.573,14.5731,14.5731,15.8231,7.81043e-05,0,1.25,,"None"
457,"COMPLETED","Perlmutter-Phase-2","Crux",14.576,14.5761,14.5761,16.7561,7.81043e-05,0,2.18,,"None"
458,"COMPLETED","Crux","Perlmutter-Phase-2",14.602,14.6021,14.6021,19.3421,7.81043e-05,0,4.74,,"None"
459,"COMPLETED","Perlmutter-Phase-1","Aurora",14.652,14.6521,14.6521,15.253,7.81043e-05,0,0.600962,,"None"
460,"COMPLETED","Frontier","Aurora",14.656,14.6561,14.6561,16.5792,7.81487e-05,0,1.92308,,"None"
461,"COMPLETED","Aurora","Perlmutter-Phase-1",14.656,14.6561,14.6561,25.0361,7.81487e-05,0,10.38,,"None"
462,"COMPLETED","Aurora","Aurora",14.662,14.6621,14.6621,17.3255,7.81043e-05,0,2.66346,,"None"
463,"COMPLETED","Andes","Crux",14.674,14.6741,14.6741,15.8341,7.81043e-05,0,1.16,,"None"
464,"COMPLETED","Aurora","Perlmutter-Phase-1",14.712,14.7121,14.7121,17.0521,7.81043e-05,0,2.34,,"None"
465,"COMPLETED","Aurora","Perlmutter-Phase-1",14.716,14.7161,14.7161,20.5161,7.81043e-05,0,5.8,,"None"
466,"COMPLETED","Frontier","Aurora",14.717,14.7171,14.7171,15.1257,7.81043e-05,0,0.408654,,"None"
467,"COMPLETED","Perlmutter-Phase-1","Aurora",14.728,14.7281,14.7281,18.0598,7.81043e-05,0,3.33173,,"None"
468,"COMPLETED","Frontier","Aurora",14.739,14.7391,14.7391,15.1814,7.81043e-05,0,0.442308,,"None"
469,"COMPLETED","Crux","Frontier",14.756,14.7561,14.7561,15.0421,7.81487e-05,0,0.286055,,"None"
470,"COMPLETED","Perlmutter-Phase-1","Aurora",14.756,14.7561,14.7561,15.1407,7.81487e-05,0,0.384615,,"None"
471,"COMPLETED","Frontier","Frontier",14.759,14.7591,14.7591,15.3312,7.81043e-05,0,0.57211,,"None"
472,"COMPLETED","Perlmutter-Phase-1","Aurora",14.762,14.7621,14.7621,16.2188,7.81043e-05,0,1.45673,,"None"
473,"COMPLETED","Perlmutter-Phase-2","Perlmutter-Phase-2",14.773,14.7731,14.7731,16.7731,7.81043e-05,0,2,,"None"
474,"COMPLETED","Frontier","Frontier",14.818,14.8181,14.8181,15.2114,7.81043e-05,0,0.393325,,"None"
475,"COMPLETED","Perlmutter-Phase-2","Crux",14.838,14.8381,14.8381,19.6581,7.81043e-05,0,4.82,,"None"
476,"COMPLETED","Perlmutter-Phase-1","Perlmutter-Phase-1",14.845,14.8451,14.8451,20.1851,7.81043e-05,0,5.34,,"None"
477,"COMPLETED","Aurora","Frontier",14.886,14.8861,14.8861,15.3152,7.81043e-05,0,0.429082,,"None"
478,"COMPLETED","Perlmutter-Phase-2","Crux",14.899,14.8991,14.8991,16.0391,7.81043e-05,0,1.14,,"None"
479,"COMPLETED","Perlmutter-Phase-1","Aurora",14.921,14.9211,14.9211,15.9692,7.81043e-05,0,1.04808,,"None"
480,"COMPLETED","Frontier","Perlmutter-Phase-2",14.93,14.9301,14.9301,16.7501,7.81043e-05,0,1.82,,"None"
481,"COMPLETED","Aurora","Aurora",14.95,14.9501,14.9501,15.3058,7.81043e-05,0,0.355769,,"None"
482,"COMPLETED","Perlmutter-Phase-2","Crux",14.973,14.9731,14.9731,15.6331,7.81043e-05,0,0.66,,"None"
483,"COMPLETED","Aurora","Perlmutter-Phase-2",15.002,15.0021,15.0021,17.4621,7.81043e-05,0,2.46,,"None"
484,"COMPLETED","Aurora","Frontier",15.025,15.0251,15.0251,16.9917,7.81043e-05,0,1.96663,,"None"
485,"COMPLETED","Frontier","Aurora",15.085,15.0851,15.0851,27.8399,7.81043e-05,0,12.7548,,"None"
486,"COMPLETED","Aurora","Aurora",15.097,15.0971,15.0971,16.5971,7.81043e-05,0,1.5,,"None"
487,"COMPLETED","Perlmutter-Phase-2","Frontier",15.111,15.1111,15.1111,17.1492,7.81043e-05,0,2.03814,,"None"
488,"COMPLETED","Perlmutter-Phase-2","Frontier",15.12,15.1201,15.1201,15.4061,7.81043e-05,0,0.286055,,"None"
489,"COMPLETED","Aurora","Aurora",15.128,15.1281,15.1281,16.3925,7.81043e-05,0,1.26442,,"None"
490,"COMPLETED","Frontier","Aurora",15.173,15.1731,15.1731,16.1635,7.81043e-05,0,0.990385,,"None"
491,"COMPLETED","Aurora","Aurora",15.205,15.2051,15.2051,15.8685,7.81043e-05,0,0.663462,,"None"
492,"COMPLETED","Perlmutter-Phase-1","Perlmutter-Phase-1",15.216,15.2161,15.2161,16.7761,7.81043e-05,0,1.56,,"None"
493,"COMPLETED","Aurora","Aurora",15.331,15.3311,15.3311,17.0907,7.81043e-05,0,1.75962,,"None"
494,"COMPLETED","Perlmutter-Phase-1","Aurora",15.34,15.3401,15.3401,16.9362,7.81043e-05,0,1.59615,,"None"
495,"COMPLETED","Andes","Perlmutter-Phase-2",15.353,15.3531,15.3531,17.5731,7.81043e-05,0,2.22,,"None"
496,"COMPLETED","Andes","Frontier",15.354,15.3541,15.3541,17.8213,7.81043e-05,0,2.46722,,"None"
497,"COMPLETED","Perlmutter-Phase-2","Crux",15.361,15.3611,15.3611,16.0811,7.81043e-05,0,0.72,,"None"
498,"COMPLETED","Perlmutter-Phase-2","Perlmutter-Phase-2",15.364,15.3641,15.3641,18.3041,7.81043e-05,0,2.94,,"None"
499,"COMPLETED","Crux","Frontier",15.366,15.3661,15.3661,18.7809,7.81043e-05,0,3.41478,,"None"
500,"COMPLETED","Aurora","Aurora",15.398,15.3981,15.3981,18.4558,7.81043e-05,0,3.05769,,"None"
501,"COMPLETED","Perlmutter-Phase-2","Perlmutter-Phase-2",15.432,15.4321,15.4321,17.3321,7.81043e-05,0,1.9,,"None"
502,"COMPLETED","Perlmutter-Phase-1","Aurora",15.435,15.4351,15.4351,17.9591,7.81043e-05,0,2.52404,,"None"
503,"COMPLETED","Crux","Perlmutter-Phase-2",15.486,15.4861,15.4861,24.3861,7.81043e-05,0,8.9,,"None"
504,"COMPLETED","Perlmutter-Phase-2","Frontier",15.514,15.5141,15.5141,17.3377,7.81043e-05,0,1.8236,,"None"
505,"COMPLETED","Frontier","Perlmutter-Phase-1",15.518,15.5181,15.5181,17.7581,7.81043e-05,0,2.24,,"None"
506,"COMPLETED","Frontier","Aurora",15.526,15.5261,15.5261,16.0261,7.81043e-05,0,0.5,,"None"
507,"COMPLETED","Perlmutter-Phase-1","Perlmutter-Phase-1",15.55,15.5501,15.5501,28.0901,7.81043e-05,0,12.54,,"None"
508,"COMPLETED","Perlmutter-Phase-2","Crux",15.658,15.6581,15.6581,18.4781,7.81043e-05,0,2.82,,"None"
509,"COMPLETED","Frontier","Aurora",15.664,15.6641,15.6641,16.116,7.81043e-05,0,0.451923,,"None"
510,"COMPLETED","Perlmutter-Phase-1","Perlmutter-Phase-1",15.688,15.6881,15.6881,27.3681,7.81043e-05,0,11.68,,"None"
511,"COMPLETED","Crux","Perlmutter-Phase-2",15.71,15.7101,15.7101,22.4901,7.81043e-05,0,6.78,,"None"
512,"COMPLETED","Crux","Perlmutter-Phase-2",15.726,15.7261,15.7261,27.6661,7.81043e-05,0,11.94,,"None"
513,"COMPLETED","Crux","Frontier",15.741,15.7411,15.7411,19.424,7.81043e-05,0,3.68296,,"None"
514,"COMPLETED","Perlmutter-Phase-1","Aurora",15.752,15.7521,15.7521,18.2088,7.81043e-05,0,2.45673,,"None"
515,"COMPLETED","Aurora","Crux",15.759,15.7591,15.7591,16.5791,7.81043e-05,0,0.82,,"None"
516,"COMPLETED","Perlmutter-Phase-2","Perlmutter-Phase-2",15.762,15.7621,15.7621,17.0821,7.81043e-05,0,1.32,,"None"
517,"COMPLETED","Aurora","Perlmutter-Phase-1",15.808,15.8081,15.8081,17.9281,7.81043e-05,0,2.12,,"None"
518,"COMPLETED","Frontier","Aurora",15.814,15.8141,15.8141,16.165,7.81043e-05,0,0.350962,,"None"
519,"COMPLETED","Frontier","Perlmutter-Phase-2",15.873,15.8731,15.8731,18.6731,7.81043e-05,0,2.8,,"None"
520,"COMPLETED","Aurora","Aurora",15.892,15.8921,15.8921,16.2334,7.81043e-05,0,0.341346,,"None"
521,"COMPLETED","Frontier","Frontier",15.923,15.9231,15.9231,17.1209,7.81043e-05,0,1.19785,,"None"
522,"COMPLETED","Perlmutter-Phase-1","Perlmutter-Phase-1",15.931,15.9311,15.9311,18.5711,7.81043e-05,0,2.64,,"None"
523,"COMPLETED","Perlmutter-Phase-2","Perlmutter-Phase-2",15.941,15.9411,15.9411,26.7811,7.81043e-05,0,10.84,,"None"
524,"COMPLETED","Perlmutter-Phase-1","Perlmutter-Phase-1",15.942,15.9421,15.9421,18.0821,7.81043e-05,0,2.14,,"None"
525,"COMPLETED","Crux","Frontier",15.967,15.9671,15.9671,18.9528,7.81487e-05,0,2.9857,,"None"
526,"COMPLETED","Crux","Perlmutter-Phase-2",15.967,15.9671,15.9671,26.5071,7.81487e-05,0,10.54,,"None"
527,"COMPLETED","Andes","Frontier",15.991,15.9911,15.9911,19.6204,7.81043e-05,0,3.62932,,"None"
528,"COMPLETED","Aurora","Crux",15.996,15.9961,15.9961,23.1561,7.81043e-05,0,7.16,,"None"
529,"COMPLETED","Perlmutter-Phase-1","Frontier",15.998,15.9981,15.9981,18.2508,7.81043e-05,0,2.25268,,"None"
530,"COMPLETED","Crux","Frontier",16.003,16.0031,16.0031,17.0221,7.81043e-05,0,1.01907,,"None"
531,"COMPLETED","Perlmutter-Phase-1","Aurora",16.011,16.0111,16.0111,18.5399,7.81043e-05,0,2.52885,,"None"
532,"COMPLETED","Aurora","Frontier",16.033,16.0331,16.0331,18.2858,7.81043e-05,0,2.25268,,"None"
533,"COMPLETED","Frontier","Perlmutter-Phase-1",16.041,16.0411,16.0411,19.4611,7.81043e-05,0,3.42,,"None"
534,"COMPLETED","Aurora","Aurora",16.048,16.0481,16.0481,16.5721,7.81043e-05,0,0.524038,,"None"
535,"COMPLETED","Frontier","Perlmutter-Phase-1",16.076,16.0761,16.0761,18.9761,7.81043e-05,0,2.9,,"None"
536,"COMPLETED","Aurora","Crux",16.089,16.0891,16.0891,16.8491,7.81043e-05,0,0.76,,"None"
537,"COMPLETED","Perlmutter-Phase-2","Crux",16.109,16.1091,16.1091,16.4491,7.81043e-05,0,0.34,,"None"
538,"COMPLETED","Frontier","Perlmutter-Phase-1",16.129,16.1291,16.1291,30.0891,7.81043e-05,0,13.96,,"None"
539,"COMPLETED","Frontier","Frontier",16.186,16.1861,16.1861,16.9727,7.81043e-05,0,0.786651,,"None"
540,"COMPLETED","Perlmutter-Phase-2","Frontier",16.214,16.2141,16.2141,16.6968,7.81043e-05,0,0.482718,,"None"
541,"COMPLETED","Frontier","Frontier",16.255,16.2551,16.2551,18.6329,7.81043e-05,0,2.37783,,"None"
542,"COMPLETED","Aurora","Aurora",16.256,16.2561,16.2561,17.0686,7.81043e-05,0,0.8125,,"None"
543,"COMPLETED","Perlmutter-Phase-1","Perlmutter-Phase-2",16.264,16.2641,16.2641,28.8241,7.81043e-05,0,12.56,,"None"
544,"COMPLETED","Aurora","Aurora",16.278,16.2781,16.2781,17.605,7.81043e-05,0,1.32692,,"None"
545,"COMPLETED","Frontier","Aurora",16.282,16.2821,16.2821,19.6667,7.81043e-05,0,3.38462,,"None"
546,"COMPLETED","Perlmutter-Phase-1","Frontier",16.312,16.3121,16.3121,19.9772,7.81043e-05,0,3.66508,,"None"
547,"COMPLETED","Crux","Crux",16.318,16.3181,16.3181,18.3781,7.81043e-05,0,2.06,,"None"
548,"COMPLETED","Aurora","Aurora",16.337,16.3371,16.3371,16.8467,7.81043e-05,0,0.509615,,"None"
549,"COMPLETED","Frontier","Aurora",16.367,16.3671,16.3671,22.1171,7.81043e-05,0,5.75,,"None"
550,"COMPLETED","Andes","Perlmutter-Phase-2",16.378,16.3781,16.3781,24.6981,7.81043e-05,0,8.32,,"None"
551,"COMPLETED","Perlmutter-Phase-1","Perlmutter-Phase-1",16.379,16.3791,16.3791,17.7591,7.81043e-05,0,1.38,,"None"
552,"COMPLETED","Aurora","Aurora",16.386,16.3861,16.3861,18.9774,7.81043e-05,0,2.59135,,"None"
553,"COMPLETED","Aurora","Perlmutter-Phase-1",16.391,16.3911,16.3911,30.6111,7.81043e-05,0,14.22,,"None"
554,"COMPLETED","Frontier","Perlmutter-Phase-2",16.397,16.3971,16.3971,19.6171,7.81043e-05,0,3.22,,"None"
555,"COMPLETED","Frontier","Frontier",16.425,16.4251,16.4251,18.2666,7.81043e-05,0,1.84148,,"None"
556,"COMPLETED","Perlmutter-Phase-1","Frontier",16.427,16.4271,16.4271,19.0016,7.81043e-05,0,2.57449,,"None"
557,"COMPLETED","Frontier","Aurora",16.454,16.4541,16.4541,16.9589,7.81043e-05,0,0.504808,,"None"
558,"COMPLETED","Frontier","Frontier",16.455,16.4551,16.4551,17.8496,7.81043e-05,0,1.39452,,"None"
559,"COMPLETED","Perlmutter-Phase-2","Crux",16.466,16.4661,16.4661,16.8661,7.81043e-05,0,0.4,,"None"
560,"COMPLETED","Perlmutter-Phase-1","Frontier",16.509,16.5091,16.5091,17.0633,7.81043e-05,0,0.554231,,"None"
561,"COMPLETED","Frontier","Frontier",16.516,16.5161,16.5161,19.6627,7.81043e-05,0,3.1466,,"None"
562,"COMPLETED","Perlmutter-Phase-2","Frontier",16.54,16.5401,16.5401,19.4721,7.81043e-05,0,2.93206,,"None"
563,"COMPLETED","Aurora","Perlmutter-Phase-2",16.551,16.5511,16.5511,81.6511,7.81043e-05,0,65.1,,"None"
564,"COMPLETED","Perlmutter-Phase-1","Aurora",16.681,16.6811,16.6811,17.0368,7.81043e-05,0,0.355769,,"None"
565,"COMPLETED","Frontier","Aurora",16.71,16.7101,16.7101,17.436,7.81043e-05,0,0.725962,,"None"
566,"COMPLETED","Crux","Crux",16.713,16.7131,16.7131,19.6931,7.81043e-05,0,2.98,,"None"
567,"COMPLETED","Perlmutter-Phase-1","Perlmutter-Phase-1",16.721,16.7211,16.7211,18.1811,7.81043e-05,0,1.46,,"None"
568,"COMPLETED","Aurora","Frontier",16.74,16.7401,16.7401,18.5279,7.81043e-05,0,1.78784,,"None"
569,"COMPLETED","Crux","Frontier",16.785,16.7851,16.7851,19.6277,7.81043e-05,0,2.84267,,"None"
570,"COMPLETED","Perlmutter-Phase-2","Perlmutter-Phase-2",16.792,16.7921,16.7921,20.7521,7.81043e-05,0,3.96,,"None"
571,"COMPLETED","Frontier","Aurora",16.809,16.8091,16.8091,19.0495,7.81043e-05,0,2.24038,,"None"
572,"COMPLETED","Perlmutter-Phase-2","Crux",16.816,16.8161,16.8161,19.3961,7.81043e-05,0,2.58,,"None"
573,"COMPLETED","Crux","Perlmutter-Phase-2",16.823,16.8231,16.8231,19.1431,7.81043e-05,0,2.32,,"None"
574,"COMPLETED","Andes","Crux",16.86,16.8601,16.8601,20.6401,7.81043e-05,0,3.78,,"None"
575,"COMPLETED","Perlmutter-Phase-2","Perlmutter-Phase-2",16.885,16.8851,16.8851,26.8251,7.81043e-05,0,9.94,,"None"
576,"COMPLETED","Andes","Frontier",16.89,16.8901,16.8901,18.8031,7.81043e-05,0,1.91299,,"None"
577,"COMPLETED","Perlmutter-Phase-2","Frontier",16.928,16.9281,16.9281,18.7874,7.81043e-05,0,1.85936,,"None"
578,"COMPLETED","Frontier","Perlmutter-Phase-1",16.958,16.9581,16.9581,22.5381,7.81043e-05,0,5.58,,"None"
579,"COMPLETED","Aurora","Aurora",16.999,16.9991,16.9991,17.427,7.81043e-05,0,0.427885,,"None"
580,"COMPLETED","Perlmutter-Phase-1","Aurora",17.051,17.0511,17.0511,42.8203,7.81043e-05,0,25.7692,,"None"
581,"COMPLETED","Andes","Frontier",17.062,17.0621,17.0621,19.7081,7.81043e-05,0,2.64601,,"None"
582,"COMPLETED","Frontier","Aurora",17.098,17.0981,17.0981,17.7615,7.81043e-05,0,0.663462,,"None"
583,"COMPLETED","Perlmutter-Phase-2","Frontier",17.152,17.1521,17.1521,34.3154,7.81043e-05,0,17.1633,,"None"
584,"COMPLETED","Frontier","Aurora",17.165,17.1651,17.1651,19.4439,7.81043e-05,0,2.27885,,"None"
585,"COMPLETED","Andes","Andes",17.194,17.1941,17.1941,17.4941,7.81043e-05,0,0.3,,"None"
586,"COMPLETED","Perlmutter-Phase-1","Perlmutter-Phase-1",17.197,17.1971,17.1971,22.7571,7.81043e-05,0,5.56,,"None"
587,"COMPLETED","Perlmutter-Phase-2","Frontier",17.224,17.2241,17.2241,18.7616,7.81043e-05,0,1.53754,,"None"
588,"COMPLETED","Frontier","Perlmutter-Phase-2",17.226,17.2261,17.2261,23.0261,7.81043e-05,0,5.8,,"None"
589,"COMPLETED","Frontier","Aurora",17.269,17.2691,17.2691,38.12,7.81043e-05,0,20.851,,"None"
590,"COMPLETED","Perlmutter-Phase-2","Frontier",17.274,17.2741,17.2741,19.491,7.81043e-05,0,2.21692,,"None"
591,"COMPLETED","Crux","Perlmutter-Phase-2",17.305,17.3051,17.3051,30.4451,7.81043e-05,0,13.14,,"None"
592,"COMPLETED","Aurora","Aurora",17.318,17.3181,17.3181,18.7075,7.81043e-05,0,1.38942,,"None"
593,"COMPLETED","Aurora","Perlmutter-Phase-1",17.323,17.3231,17.3231,18.8631,7.81043e-05,0,1.54,,"None"
594,"COMPLETED","Aurora","Frontier",17.349,17.3491,17.3491,19.1548,7.81043e-05,0,1.80572,,"None"
595,"COMPLETED","Frontier","Aurora",17.35,17.3501,17.3501,17.9607,7.81043e-05,0,0.610577,,"None"
596,"COMPLETED","Aurora","Aurora",17.357,17.3571,17.3571,17.6984,7.81043e-05,0,0.341346,,"None"
597,"COMPLETED","Perlmutter-Phase-2","Frontier",17.437,17.4371,17.4371,18.1343,7.81043e-05,0,0.697259,,"None"
598,"COMPLETED","Andes","Perlmutter-Phase-2",17.458,17.4581,17.4581,18.7981,7.81043e-05,0,1.34,,"None"
599,"COMPLETED","Perlmutter-Phase-2","Aurora",17.461,17.4611,17.4611,37.2688,7.81043e-05,0,19.8077,,"None"
600,"COMPLETED","Aurora","Aurora",17.477,17.4771,17.4771,19.3377,7.81043e-05,0,1.86058,,"None"
601,"COMPLETED","Perlmutter-Phase-1","Crux",17.5,17.5001,17.5001,20.8401,7.81043e-05,0,3.34,,"None"
602,"COMPLETED","Perlmutter-Phase-1","Aurora",17.55,17.5501,17.5501,17.853,7.81043e-05,0,0.302885,,"None"
603,"COMPLETED","Aurora","Crux",17.621,17.6211,17.6211,19.0411,7.81043e-05,0,1.42,,"None"
604,"COMPLETED","Frontier","Andes",17.63,17.6301,17.6301,20.2701,7.81043e-05,0,2.64,,"None"
605,"COMPLETED","Aurora","Aurora",17.651,17.6511,17.6511,18.2184,7.81043e-05,0,0.567308,,"None"
606,"COMPLETED","Perlmutter-Phase-2","Frontier",17.662,17.6621,17.6621,18.5381,7.81043e-05,0,0.876043,,"None"
607,"COMPLETED","Perlmutter-Phase-1","Crux",17.673,17.6731,17.6731,18.1731,7.81043e-05,0,0.5,,"None"
608,"COMPLETED","Perlmutter-Phase-1","Aurora",17.685,17.6851,17.6851,19.3005,7.81043e-05,0,1.61538,,"None"
609,"COMPLETED","Perlmutter-Phase-2","Perlmutter-Phase-2",17.71,17.7101,17.7101,19.1901,7.81043e-05,0,1.48,,"None"
610,"COMPLETED","Aurora","Aurora",17.765,17.7651,17.7651,22.0535,7.81043e-05,0,4.28846,,"None"
611,"COMPLETED","Perlmutter-Phase-1","Frontier",17.797,17.7971,17.7971,21.5337,7.81043e-05,0,3.73659,,"None"
612,"COMPLETED","Perlmutter-Phase-1","Aurora",17.827,17.8271,17.8271,18.6732,7.81043e-05,0,0.846154,,"None"
613,"COMPLETED","Frontier","Aurora",17.846,17.8461,17.8461,18.6634,7.81043e-05,0,0.817308,,"None"
614,"COMPLETED","Perlmutter-Phase-2","Perlmutter-Phase-2",17.853,17.8531,17.8531,21.0731,7.81043e-05,0,3.22,,"None"
615,"COMPLETED","Aurora","Crux",17.855,17.8551,17.8551,24.6951,7.81043e-05,0,6.84,,"None"
616,"COMPLETED","Andes","Crux",17.858,17.8581,17.8581,22.9981,7.81043e-05,0,5.14,,"None"
617,"COMPLETED","Frontier","Frontier",17.958,17.9581,17.9581,18.4408,7.81043e-05,0,0.482718,,"None"
618,"COMPLETED","Aurora","Crux",17.98,17.9801,17.9801,20.3601,7.81043e-05,0,2.38,,"None"
619,"COMPLETED","Aurora","Frontier",18.052,18.0521,18.0521,21.002,7.81043e-05,0,2.94994,,"None"
620,"COMPLETED","Aurora","Crux",18.139,18.1391,18.1391,24.6391,7.81043e-05,0,6.5,,"None"
621,"COMPLETED","Perlmutter-Phase-1","Crux",18.143,18.1431,18.1431,22.8831,7.81043e-05,0,4.74,,"None"
622,"COMPLETED","Perlmutter-Phase-1","Aurora",18.163,18.1631,18.1631,20.1198,7.81487e-05,0,1.95673,,"None"
623,"COMPLETED","Aurora","Aurora",18.163,18.1631,18.1631,20.0765,7.81487e-05,0,1.91346,,"None"
624,"COMPLETED","Crux","Crux",18.2,18.2001,18.2001,18.6601,7.81043e-05,0,0.46,,"None"
625,"COMPLETED","Crux","Crux",18.238,18.2381,18.2381,23.8381,7.81043e-05,0,5.6,,"None"
626,"COMPLETED","Perlmutter-Phase-1","Crux",18.25,18.2501,18.2501,22.0301,7.81043e-05,0,3.78,,"None"
627,"COMPLETED","Perlmutter-Phase-2","Crux",18.267,18.2671,18.2671,18.7071,7.81043e-05,0,0.44,,"None"
628,"COMPLETED","Perlmutter-Phase-2","Frontier",18.283,18.2831,18.2831,20.0709,7.81043e-05,0,1.78784,,"None"
629,"COMPLETED","Frontier","Aurora",18.311,18.3111,18.3111,18.787,7.81043e-05,0,0.475962,,"None"
630,"COMPLETED","Perlmutter-Phase-1","Frontier",18.316,18.3161,18.3161,18.6379,7.81487e-05,0,0.321812,,"None"
631,"COMPLETED","Andes","Andes",18.316,18.3161,18.3161,19.0161,7.81487e-05,0,0.7,,"None"
632,"COMPLETED","Perlmutter-Phase-1","Frontier",18.343,18.3431,18.3431,18.9688,7.81043e-05,0,0.625745,,"None"
633,"COMPLETED","Andes","Crux",18.407,18.4071,18.4071,18.7271,7.81043e-05,0,0.32,,"None"
634,"COMPLETED","Aurora","Aurora",18.414,18.4141,18.4141,19.1785,7.81043e-05,0,0.764423,,"None"
635,"COMPLETED","Perlmutter-Phase-1","Aurora",18.581,18.5811,18.5811,19.8599,7.81043e-05,0,1.27885,,"None"
636,"COMPLETED","Frontier","Andes",18.591,18.5911,18.5911,21.3311,7.81043e-05,0,2.74,,"None"
637,"COMPLETED","Aurora","Crux",18.601,18.6011,18.6011,22.1811,7.81043e-05,0,3.58,,"None"
638,"COMPLETED","Frontier","Aurora",18.604,18.6041,18.6041,19.556,7.81043e-05,0,0.951923,,"None"
639,"COMPLETED","Andes","Frontier",18.742,18.7421,18.7421,19.2606,7.81043e-05,0,0.518474,,"None"
640,"COMPLETED","Aurora","Frontier",18.808,18.8081,18.8081,19.2014,7.81043e-05,0,0.393325,,"None"
641,"COMPLETED","Andes","Frontier",18.886,18.8861,18.8861,20.37,7.81043e-05,0,1.48391,,"None"
642,"COMPLETED","Perlmutter-Phase-1","Aurora",18.895,18.8951,18.8951,20.0537,7.81043e-05,0,1.15865,,"None"
643,"COMPLETED","Andes","Frontier",18.904,18.9041,18.9041,19.5656,7.81043e-05,0,0.661502,,"None"
644,"COMPLETED","Andes","Frontier",18.926,18.9261,18.9261,19.2658,7.81043e-05,0,0.33969,,"None"
645,"COMPLETED","Perlmutter-Phase-2","Perlmutter-Phase-2",19.045,19.0451,19.0451,20.3451,7.81043e-05,0,1.3,,"None"
646,"COMPLETED","Aurora","Perlmutter-Phase-1",19.072,19.0721,19.0721,22.2921,7.81043e-05,0,3.22,,"None"
647,"COMPLETED","Perlmutter-Phase-1","Aurora",19.255,19.2551,19.2551,20.4378,7.81043e-05,0,1.18269,,"None"
648,"COMPLETED","Perlmutter-Phase-2","Perlmutter-Phase-2",19.293,19.2931,19.2931,28.0731,7.81043e-05,0,8.78,,"None"
649,"COMPLETED","Aurora","Frontier",19.341,19.3411,19.3411,19.7702,7.81043e-05,0,0.429082,,"None"
650,"COMPLETED","Andes","Crux",19.417,19.4171,19.4171,21.6771,7.81043e-05,0,2.26,,"None"
651,"COMPLETED","Perlmutter-Phase-1","Crux",19.424,19.4241,19.4241,19.7641,7.81043e-05,0,0.34,,"None"
652,"COMPLETED","Perlmutter-Phase-2","Perlmutter-Phase-2",19.465,19.4651,19.4651,20.8251,7.81043e-05,0,1.36,,"None"
653,"COMPLETED","Frontier","Aurora",19.507,19.5071,19.5071,21.185,7.81043e-05,0,1.67788,,"None"
654,"COMPLETED","Perlmutter-Phase-1","Frontier",19.591,19.5911,19.5911,21.5398,7.81043e-05,0,1.94875,,"None"
655,"COMPLETED","Perlmutter-Phase-1","Perlmutter-Phase-2",19.85,19.8501,19.8501,22.6301,7.81043e-05,0,2.78,,"None"
656,"COMPLETED","Crux","Frontier",19.883,19.8831,19.8831,20.2228,7.81043e-05,0,0.33969,,"None"
657,"COMPLETED","Frontier","Frontier",19.909,19.9091,19.9091,21.1248,7.81043e-05,0,1.21573,,"None"
658,"COMPLETED","Aurora","Aurora",19.915,19.9151,19.9151,20.8045,7.81043e-05,0,0.889423,,"None"
659,"COMPLETED","Crux","Frontier",19.929,19.9291,19.9291,21.0912,7.81043e-05,0,1.1621,,"None"
660,"COMPLETED","Perlmutter-Phase-2","Frontier",19.976,19.9761,19.9761,20.3158,7.81043e-05,0,0.33969,,"None"
661,"COMPLETED","Andes","Frontier",19.987,19.9871,19.9871,20.5234,7.81043e-05,0,0.536353,,"None"
662,"COMPLETED","Perlmutter-Phase-1","Perlmutter-Phase-1",19.992,19.9921,19.9921,30.4721,7.81043e-05,0,10.48,,"None"
663,"COMPLETED","Frontier","Crux",20.007,20.0071,20.0071,26.6671,7.81043e-05,0,6.66,,"None"
664,"COMPLETED","Frontier","Aurora",20.098,20.0981,20.0981,20.55,7.81043e-05,0,0.451923,,"None"
665,"COMPLETED","Aurora","Perlmutter-Phase-1",20.283,20.2831,20.2831,26.4431,7.81043e-05,0,6.16,,"None"
666,"COMPLETED","Perlmutter-Phase-1","Frontier",20.343,20.3431,20.3431,21.5946,7.81043e-05,0,1.25149,,"None"
667,"COMPLETED","Aurora","Perlmutter-Phase-1",20.345,20.3451,20.3451,22.4651,7.81043e-05,0,2.12,,"None"
668,"COMPLETED","Crux","Perlmutter-Phase-2",20.348,20.3481,20.3481,33.8681,7.81043e-05,0,13.52,,"None"
669,"COMPLETED","Perlmutter-Phase-2","Frontier",20.451,20.4511,20.4511,20.9159,7.81043e-05,0,0.464839,,"None"
670,"COMPLETED","Perlmutter-Phase-1","Frontier",20.455,20.4551,20.4551,20.7769,7.81043e-05,0,0.321812,,"None"
671,"COMPLETED","Aurora","Aurora",20.514,20.5141,20.5141,21.0622,7.81043e-05,0,0.548077,,"None"
672,"COMPLETED","Perlmutter-Phase-1","Aurora",20.567,20.5671,20.5671,23.0623,7.81043e-05,0,2.49519,,"None"
673,"COMPLETED","Frontier","Aurora",20.615,20.6151,20.6151,22.442,7.81043e-05,0,1.82692,,"None"
674,"COMPLETED","Perlmutter-Phase-2","Crux",20.733,20.7331,20.7331,21.6331,7.81043e-05,0,0.9,,"None"
675,"COMPLETED","Frontier","Perlmutter-Phase-1",20.804,20.8041,20.8041,34.7641,7.81043e-05,0,13.96,,"None"
676,"COMPLETED","Perlmutter-Phase-1","Aurora",20.805,20.8051,20.8051,23.2907,7.81043e-05,0,2.48558,,"None"
677,"COMPLETED","Perlmutter-Phase-1","Frontier",20.82,20.8201,20.8201,21.7319,7.81043e-05,0,0.9118,,"None"
678,"COMPLETED","Perlmutter-Phase-2","Crux",20.993,20.9931,20.9931,22.3931,7.81043e-05,0,1.4,,"None"
679,"COMPLETED","Perlmutter-Phase-1","Frontier",21.259,21.2591,21.2591,24.513,7.81043e-05,0,3.25387,,"None"
680,"COMPLETED","Frontier","Perlmutter-Phase-1",21.308,21.3081,21.3081,23.6881,7.81043e-05,0,2.38,,"None"
681,"COMPLETED","Aurora","Frontier",21.373,21.3731,21.3731,24.7342,7.81043e-05,0,3.36114,,"None"
682,"COMPLETED","Aurora","Frontier",21.444,21.4441,21.4441,22.9459,7.81487e-05,0,1.50179,,"None"
683,"COMPLETED","Aurora","Frontier",21.444,21.4441,21.4441,23.5001,7.81487e-05,0,2.05602,,"None"
684,"COMPLETED","Perlmutter-Phase-2","Perlmutter-Phase-2",21.516,21.5161,21.5161,28.6161,7.81043e-05,0,7.1,,"None"
685,"COMPLETED","Frontier","Perlmutter-Phase-1",21.517,21.5171,21.5171,23.3971,7.81043e-05,0,1.88,,"None"
686,"COMPLETED","Aurora","Aurora",21.672,21.6721,21.6721,24.898,7.81043e-05,0,3.22596,,"None"
687,"COMPLETED","Frontier","Aurora",22.07,22.0701,22.0701,24.4787,7.81043e-05,0,2.40865,,"None"
688,"COMPLETED","Frontier","Aurora",22.285,22.2851,22.2851,28.4005,7.81043e-05,0,6.11538,,"None"
689,"COMPLETED","Frontier","Aurora",22.311,22.3111,22.3111,23.1813,7.81043e-05,0,0.870192,,"None"
690,"COMPLETED","Perlmutter-Phase-2","Perlmutter-Phase-2",22.391,22.3911,22.3911,25.3111,7.81043e-05,0,2.92,,"None"
691,"COMPLETED","Crux","Frontier",22.749,22.7491,22.7491,23.1782,7.81043e-05,0,0.429082,,"None"
692,"COMPLETED","Perlmutter-Phase-1","Frontier",22.989,22.9891,22.9891,26.9223,7.81043e-05,0,3.93325,,"None"
693,"COMPLETED","Perlmutter-Phase-1","Aurora",23.14,23.1401,23.1401,38.842,7.81043e-05,0,15.7019,,"None"
694,"COMPLETED","Perlmutter-Phase-1","Crux",23.211,23.2111,23.2111,26.7111,7.81043e-05,0,3.5,,"None"
695,"COMPLETED","Andes","Frontier",23.655,23.6551,23.6551,27.6062,7.81043e-05,0,3.95113,,"None"
696,"COMPLETED","Perlmutter-Phase-1","Aurora",24.53,24.5301,24.5301,25.0493,7.81043e-05,0,0.519231,,"None"
697,"COMPLETED","Aurora","Perlmutter-Phase-2",24.62,24.6201,24.6201,26.4401,7.81043e-05,0,1.82,,"None"
698,"COMPLETED","Aurora","Frontier",24.682,24.6821,24.6821,25.3615,7.81043e-05,0,0.67938,,"None"
699,"COMPLETED","Frontier","Aurora",25.197,25.1971,25.1971,26.0384,7.81043e-05,0,0.841346,,"None"
700,"COMPLETED","Perlmutter-Phase-2","Frontier",25.391,25.3911,25.3911,26.875,7.81043e-05,0,1.48391,,"None"
